skills_count,has_email,has_phone,has_name,word_count,education_count,experience_years,project_count,cert_count,section_count,ats_label,heuristic_score
20,0,1,0,154,0,4.4,0,4,4,1,51.6
2,0,1,1,151,1,1.1,3,0,2,0,35.4
14,0,1,0,1079,1,0.6,6,1,5,1,44.57
26,0,0,1,653,1,1.2,4,5,4,1,67.3
23,0,0,0,713,1,6.0,4,3,6,2,75.5
29,1,1,1,334,1,8.4,1,0,5,2,74.0
33,1,1,1,374,0,1.4,3,1,6,1,64.77
9,1,1,0,1065,0,9.2,4,2,6,1,56.33
22,1,1,0,940,0,11.3,3,5,2,1,68.5
3,1,1,1,813,3,10.6,2,0,8,1,68.0
22,0,0,1,140,1,9.2,1,5,4,1,66.0
25,1,1,0,250,3,4.8,2,1,7,2,79.87
35,1,1,1,779,3,11.5,1,0,3,2,87.5
9,0,0,0,576,1,3.2,0,1,7,1,40.97
34,1,1,0,787,0,5.5,6,5,7,2,80.0
25,1,1,0,573,3,0.7,0,1,8,1,64.47
10,0,1,0,184,0,6.8,4,0,6,1,49.0
1,0,0,1,232,2,11.5,4,2,8,1,58.33
7,0,1,1,571,3,3.7,1,0,6,1,59.3
16,1,0,0,290,2,1.8,4,0,5,1,57.2
5,1,1,0,444,1,6.4,6,4,6,1,67.5
14,0,0,1,837,1,2.4,3,2,1,1,56.93
1,1,1,1,278,2,5.4,5,2,6,1,68.33
5,0,0,0,561,1,4.1,3,4,1,1,51.4
30,1,0,0,1011,3,9.4,6,1,8,2,80.67
11,1,1,0,900,3,5.6,5,0,3,2,76.0
10,0,0,0,684,3,9.7,1,4,8,1,62.5
22,0,0,0,94,0,6.3,1,3,4,1,53.5
13,0,1,0,379,1,9.2,2,2,7,1,63.83
8,0,1,1,758,3,9.9,4,1,3,2,74.67
33,0,1,0,703,0,9.3,1,1,3,1,64.17
30,0,0,1,778,3,9.4,0,4,1,2,80.0
15,0,1,0,870,0,6.1,4,0,2,1,60.0
28,1,0,1,543,3,6.1,1,5,5,2,87.5
35,0,1,0,506,0,4.7,2,0,4,1,63.8
27,0,0,1,882,0,10.8,1,5,6,1,67.5
9,1,0,1,304,0,4.8,3,1,4,1,51.37
10,1,1,1,511,1,4.3,0,5,6,1,64.7
1,1,1,1,800,0,4.6,4,4,5,1,59.4
32,0,0,0,1075,0,1.0,2,0,3,0,38.0
17,0,1,1,495,1,6.4,4,4,8,2,79.5
20,0,1,0,898,1,5.1,0,2,1,1,65.83
5,1,0,0,148,2,10.4,3,0,6,1,56.5
35,1,1,0,124,1,11.3,1,2,1,2,72.33
11,0,1,1,623,1,3.5,4,5,3,1,67.5
17,1,0,1,117,0,0.2,4,4,4,1,46.8
32,1,0,1,188,3,7.9,4,3,5,2,89.0
13,0,1,0,932,1,4.9,2,0,3,1,54.1
0,0,1,1,247,0,1.0,6,3,5,0,33.0
15,1,0,1,269,1,3.2,0,2,6,1,52.63
21,1,0,0,1068,2,2.6,1,0,6,1,57.9
24,0,1,1,594,1,3.0,6,0,2,2,73.5
16,0,0,1,680,0,4.7,2,2,4,1,58.13
5,0,1,1,817,3,1.8,5,4,3,1,62.2
2,1,0,0,926,1,1.0,0,1,6,0,24.17
6,1,1,0,722,0,7.5,5,1,8,1,57.67
16,0,1,0,846,0,7.9,0,5,8,1,56.0
16,0,1,0,826,1,2.8,5,3,8,1,64.7
24,0,1,1,865,0,7.4,5,1,2,2,75.67
9,1,1,1,716,1,0.1,0,3,5,1,46.9
6,0,1,1,805,2,5.6,3,0,4,1,68.5
19,0,1,0,376,3,0.9,4,3,5,1,67.6
24,0,0,0,675,0,1.7,4,2,6,1,54.13
8,1,0,1,316,3,10.8,3,3,1,1,69.5
10,0,1,1,495,2,8.7,3,2,7,2,75.83
20,0,1,0,412,2,10.1,0,1,1,2,71.67
18,1,1,0,482,3,12.0,4,0,6,2,83.0
27,1,0,1,184,0,10.0,2,5,3,1,69.0
15,1,1,1,274,2,9.4,3,0,7,2,76.5
35,0,0,0,1035,3,5.4,6,1,5,2,75.67
31,0,0,0,563,3,4.1,2,2,5,2,74.73
25,0,1,1,650,3,1.4,5,1,2,2,77.27
13,1,0,1,1008,2,12.0,3,3,3,2,74.5
35,0,0,0,258,2,6.7,2,1,6,2,70.67
16,0,0,1,472,3,9.0,1,3,5,2,73.5
21,0,1,1,668,2,1.5,4,4,4,2,77.0
5,1,0,1,489,3,5.2,2,0,3,1,65.0
2,1,1,1,80,0,4.7,6,4,8,1,54.8
28,0,0,0,238,1,6.3,5,0,8,1,66.5
5,0,0,0,318,0,7.7,2,1,5,0,35.67
33,1,0,0,152,2,6.3,4,1,7,2,80.67
16,0,0,0,630,2,12.0,2,2,4,1,69.33
30,0,0,0,1063,3,8.5,2,0,1,1,69.0
12,1,1,0,343,1,8.0,2,1,8,1,60.17
2,1,1,1,778,3,2.4,6,2,2,1,64.93
13,1,0,1,864,1,2.8,1,2,5,1,57.53
6,1,0,0,576,3,10.9,0,4,3,1,61.0
25,0,0,0,1077,1,5.0,5,0,3,1,66.5
25,1,1,0,161,1,4.0,1,5,8,2,70.0
2,1,1,1,1088,2,5.3,0,0,2,1,56.0
17,0,1,1,1058,0,6.7,6,1,7,1,62.67
22,1,1,0,130,3,2.3,4,3,4,2,75.2
20,1,1,0,726,3,3.0,5,3,1,2,82.0
24,0,1,0,902,0,3.1,5,0,6,1,55.4
23,1,1,0,348,2,11.1,2,0,2,2,77.0
1,0,0,1,812,3,11.4,3,2,7,1,61.83
31,0,1,0,88,2,9.9,6,1,4,2,80.67
20,1,1,1,882,0,6.1,3,1,4,2,74.17
26,0,0,1,645,2,1.9,3,0,2,2,70.1
16,0,0,0,511,3,11.9,3,1,4,2,70.17
8,1,1,0,845,0,9.4,2,2,5,1,56.33
17,1,1,1,283,3,3.0,1,1,3,1,67.17
18,0,1,0,485,2,11.9,4,4,4,2,83.0
6,1,0,0,84,3,10.6,1,3,6,1,57.5
2,1,0,0,131,1,7.2,6,4,4,1,53.5
4,1,0,1,697,2,9.3,5,0,2,1,69.0
22,0,0,1,428,1,0.5,2,0,4,1,51.5
0,1,1,1,269,2,0.9,0,3,8,1,42.6
4,1,0,1,759,1,7.7,0,5,3,1,56.5
25,1,1,1,763,2,5.0,0,2,6,2,88.33
26,1,0,1,739,1,4.7,3,1,1,2,80.47
27,0,1,0,920,0,4.9,2,3,3,1,63.6
8,0,0,0,736,3,1.1,4,2,3,1,50.73
9,1,1,0,613,1,11.1,0,3,8,1,61.5
12,1,0,0,1078,3,3.8,4,5,7,1,66.2
5,0,0,1,709,1,10.0,1,4,4,1,55.0
2,1,0,1,447,0,1.8,5,1,1,1,40.87
35,0,1,0,479,3,6.6,5,2,7,2,88.33
19,0,1,1,754,2,5.4,3,1,1,2,83.17
0,1,1,0,537,3,10.0,6,3,7,2,70.0
6,0,0,1,520,2,1.1,3,4,1,1,52.9
2,0,0,1,876,0,0.7,4,3,3,0,34.8
1,0,0,0,214,3,3.5,6,1,4,1,45.67
4,1,1,0,411,2,10.9,3,1,5,1,68.17
32,1,0,1,710,1,3.8,0,1,3,1,69.37
25,0,1,1,996,3,2.0,6,2,2,2,75.33
33,0,1,1,648,0,3.0,4,5,7,2,72.0
23,1,1,1,671,1,4.3,6,0,8,2,82.7
14,0,0,1,919,2,3.7,6,4,6,1,67.8
0,0,0,0,377,3,5.0,2,0,3,1,50.0
31,0,0,0,135,0,6.8,2,0,6,1,54.0
34,0,1,1,683,1,2.5,4,3,3,2,77.5
8,0,0,0,541,0,0.8,1,5,5,0,28.7
25,1,0,0,740,2,7.1,4,3,8,2,90.0
15,0,0,0,143,0,4.9,1,1,1,1,42.77
6,0,0,0,503,1,6.2,5,4,7,1,58.5
11,1,0,1,720,0,11.9,5,3,1,1,66.0
24,1,1,0,839,3,2.1,0,2,4,2,70.73
2,0,1,1,808,0,3.2,4,5,7,1,49.8
33,1,1,0,167,0,2.0,1,5,4,1,54.5
10,1,0,1,416,1,4.6,6,5,8,2,70.9
30,0,0,1,1058,1,6.8,2,1,7,1,68.17
4,0,0,0,107,0,1.3,1,2,3,0,19.03
1,0,0,0,789,0,8.4,5,0,2,1,41.0
23,0,0,1,189,1,2.5,0,0,1,1,49.5
5,1,1,0,215,0,9.5,5,1,5,1,50.67
20,1,1,1,101,2,3.1,2,0,6,2,71.4
20,1,1,0,887,3,0.4,4,0,6,1,66.6
30,0,0,0,668,2,2.0,0,4,4,1,63.0
18,0,0,1,582,0,5.9,6,1,8,1,64.67
22,1,0,1,914,1,11.3,1,3,3,2,71.0
7,0,1,0,723,2,4.3,3,3,2,1,66.7
27,0,1,0,390,2,5.1,4,4,3,2,90.0
24,0,1,0,624,0,4.2,2,4,3,1,65.8
28,1,0,1,529,2,7.0,1,2,8,2,85.83
15,0,1,1,852,1,8.7,1,5,6,2,70.0
33,1,0,0,415,1,3.1,5,0,3,1,69.9
6,0,1,0,1087,1,9.5,5,2,7,1,55.83
17,0,0,0,367,1,10.6,3,0,1,1,62.0
25,1,0,1,554,0,1.7,4,5,7,1,66.8
0,0,1,1,946,1,8.0,5,5,4,1,56.5
11,0,1,1,400,2,7.5,0,3,4,2,71.0
25,0,1,1,574,3,0.2,6,3,3,2,75.8
20,0,1,1,1009,0,0.5,4,1,3,1,47.67
12,1,0,1,634,1,8.6,4,0,6,1,69.5
33,1,1,1,295,1,4.7,6,0,6,2,80.3
3,1,1,1,489,0,0.2,3,3,6,1,41.3
16,0,0,1,839,3,11.3,4,1,7,2,77.67
29,0,0,0,1031,0,9.7,5,1,8,1,60.67
35,0,0,1,762,3,5.6,2,4,3,2,85.0
30,1,0,1,801,3,8.2,3,5,3,2,92.5
30,0,1,1,330,2,3.8,3,3,2,2,81.7
23,0,1,1,138,0,9.9,2,1,6,1,63.67
0,0,0,0,751,2,3.0,0,4,3,1,42.0
14,0,1,1,883,1,2.5,3,4,3,1,64.0
5,1,0,1,789,1,6.4,5,3,2,1,67.5
35,0,1,1,319,1,5.7,4,0,8,2,76.5
29,0,1,0,590,1,6.5,6,5,1,2,82.5
10,1,1,1,761,2,10.1,2,3,7,2,80.0
4,0,1,0,101,0,8.2,2,0,8,0,38.0
31,0,0,0,815,3,7.5,2,0,6,2,75.0
21,1,0,1,525,2,5.1,4,0,5,2,86.0
18,1,1,1,421,2,10.5,2,1,8,2,84.67
7,1,0,1,810,2,1.5,5,0,1,1,58.0
25,1,0,1,387,0,0.1,1,3,1,1,52.9
32,1,0,0,297,0,8.0,3,5,3,1,66.5
6,0,0,1,873,0,11.0,5,0,6,1,51.0
8,1,1,1,269,3,0.4,0,3,1,1,48.6
31,0,0,1,669,3,5.4,0,5,7,2,80.0
9,1,1,0,164,3,2.5,1,5,1,1,55.5
27,0,0,0,1090,0,2.6,0,1,8,1,41.07
1,1,0,1,831,1,11.1,2,5,3,1,58.5
5,1,1,1,765,2,11.0,0,5,1,2,70.0
0,0,0,0,478,2,3.7,4,1,8,1,51.47
3,1,1,1,561,1,1.7,6,0,6,1,52.3
10,1,1,1,876,3,11.3,6,4,6,2,85.0
18,1,0,1,970,0,10.0,4,2,7,1,65.33
15,1,1,1,696,1,9.7,2,5,1,2,77.5
20,1,1,1,241,0,3.5,1,4,3,1,60.5
17,1,1,0,632,3,9.6,1,5,4,2,79.5
19,0,1,1,805,1,11.1,4,0,7,2,76.5
29,0,1,0,318,3,7.0,2,4,6,2,79.0
30,0,0,0,276,0,2.2,5,2,6,1,51.13
22,1,0,0,125,3,4.5,0,2,8,1,67.33
5,0,1,0,433,2,6.2,0,0,1,1,55.0
13,1,0,1,1027,2,5.1,3,4,3,2,74.5
16,0,1,0,1098,1,4.5,0,0,1,1,50.5
35,1,1,1,1049,0,10.4,5,3,2,2,79.0
5,1,1,0,736,0,11.5,5,4,7,1,60.0
11,1,0,1,1068,1,11.9,1,1,1,1,56.67
16,1,0,0,937,0,3.1,4,5,8,1,52.4
3,0,0,1,853,0,11.3,5,5,5,1,53.0
28,0,1,1,460,2,4.7,2,3,7,2,88.8
10,1,0,0,1016,0,5.6,1,0,3,1,41.5
14,0,1,0,876,3,11.5,3,0,2,2,71.5
28,1,1,0,568,0,7.5,1,2,4,2,70.83
3,0,1,0,529,1,3.2,3,1,3,1,47.47
1,1,1,1,903,1,3.1,0,2,8,1,43.23
30,0,0,0,726,1,6.7,6,2,2,2,75.83
16,0,1,1,1094,2,12.0,1,0,7,1,67.5
18,1,0,0,932,2,1.7,5,0,8,1,58.8
32,1,0,1,81,2,2.2,3,0,7,2,70.3
13,1,0,0,943,1,6.3,1,5,3,1,57.0
12,0,0,1,859,2,2.1,1,4,4,1,57.9
19,0,0,0,788,3,10.1,0,4,6,1,69.0
21,1,1,0,95,3,10.9,3,1,5,2,79.17
15,0,1,0,247,2,6.9,6,0,6,1,69.0
33,1,0,0,445,1,9.8,6,2,7,2,80.83
3,1,0,1,537,0,6.4,4,1,1,1,54.67
15,0,0,0,251,0,3.7,4,0,1,1,43.8
6,0,1,0,937,3,6.3,5,3,2,1,65.0
22,0,0,0,359,0,5.6,4,4,5,1,67.0
7,0,0,1,985,1,6.5,1,1,3,1,47.67
29,1,0,0,1040,3,8.3,4,4,1,2,84.0
25,0,1,1,490,1,10.1,5,3,6,2,87.5
25,0,1,0,1060,2,3.0,3,5,1,2,73.5
23,0,0,0,412,3,2.4,5,0,4,1,67.6
8,1,1,1,728,0,9.7,0,0,5,1,53.0
17,0,0,1,204,0,5.2,0,2,2,1,49.33
19,1,0,0,141,2,1.0,4,4,3,1,62.0
28,0,0,1,1017,3,6.9,2,1,2,2,75.67
34,1,1,0,745,3,2.4,5,2,8,2,82.93
35,1,1,1,918,2,0.4,2,1,4,1,67.27
32,1,1,0,1026,2,1.9,1,2,6,1,67.43
31,1,1,0,382,0,9.3,1,4,2,2,72.5
22,1,0,1,934,3,4.2,6,0,4,2,77.8
9,1,1,1,223,1,7.4,6,2,2,1,68.83
30,1,0,1,971,0,0.1,6,4,2,1,54.4
31,1,0,1,950,2,10.5,4,0,7,2,84.0
28,1,1,1,379,2,4.7,4,4,7,2,98.8
20,0,1,1,534,2,2.2,2,1,7,2,70.47
24,0,0,1,411,1,11.5,1,3,1,2,74.0
1,0,1,1,387,2,6.5,3,4,7,1,68.5
24,1,1,0,688,2,5.4,0,5,2,2,84.0
33,0,0,1,463,3,7.8,4,1,4,2,86.67
26,1,1,1,865,2,8.3,5,0,3,2,95.0
23,1,1,0,925,2,6.2,0,5,5,2,77.0
21,1,0,1,915,1,6.1,1,3,3,2,70.0
3,0,1,0,788,3,0.1,0,2,1,0,36.73
19,1,0,0,764,0,2.4,3,4,5,1,56.1
34,0,0,1,696,0,1.7,4,4,2,1,61.8
1,0,0,0,1050,3,9.9,4,3,1,1,55.0
0,1,0,0,442,2,2.0,2,5,2,1,48.0
4,1,0,1,718,3,0.2,1,3,1,1,47.3
28,0,0,0,308,0,1.9,4,1,6,1,48.27
0,1,1,1,697,2,11.5,3,0,4,1,67.5
24,0,1,1,488,3,0.3,6,1,2,2,71.87
11,0,1,1,271,0,11.7,2,3,6,1,55.0
7,1,1,1,492,0,11.5,3,2,4,1,62.83
24,0,1,1,432,1,5.2,2,5,1,2,81.5
21,0,0,0,174,1,3.2,6,1,8,1,56.97
29,0,0,1,441,1,8.7,3,5,4,2,80.0
19,1,0,0,958,3,8.1,5,2,8,2,76.33
23,0,1,0,208,0,8.1,0,4,5,1,57.0
24,0,0,1,95,3,8.5,5,1,4,2,79.67
20,0,0,0,655,2,9.7,6,2,4,2,78.33
4,1,0,0,375,1,9.8,3,2,6,1,57.33
25,1,0,1,260,0,4.4,6,5,6,2,71.6
26,0,1,0,947,3,4.2,5,0,3,2,75.8
18,0,1,0,809,0,4.9,4,1,7,1,64.27
12,1,0,1,836,0,6.6,5,5,3,1,67.0
14,1,1,1,766,2,11.2,0,5,5,2,79.0
2,0,0,0,118,2,2.5,2,5,2,1,41.0
26,1,0,1,619,0,4.2,3,3,6,2,74.3
32,1,0,0,518,1,5.9,1,0,5,2,70.0
11,0,0,1,335,0,2.0,2,3,2,0,38.0
12,1,0,0,782,3,8.0,1,5,4,1,69.5
0,1,0,1,794,2,1.6,5,1,4,1,53.07
21,0,1,0,773,1,7.2,3,3,4,2,76.0
7,1,0,1,578,1,0.5,2,2,4,1,44.83
7,1,1,0,245,2,5.3,4,2,5,1,69.33
10,0,0,0,559,3,1.0,5,2,5,1,52.33
6,1,1,1,274,2,0.1,0,5,5,1,45.4
16,0,0,0,845,0,0.3,3,1,5,0,36.37
23,0,0,0,883,2,8.9,2,3,3,2,78.0
22,1,0,1,219,2,10.1,2,1,1,2,77.67
2,0,1,0,1047,1,5.9,3,5,3,1,51.0
19,0,0,0,247,1,5.3,3,0,1,1,58.0
28,1,0,0,820,2,0.0,6,4,7,2,70.0
9,1,0,0,606,3,10.7,0,3,1,1,64.0
11,0,1,1,84,3,9.6,5,2,4,2,73.33
30,0,1,1,518,1,11.7,4,4,2,2,87.5
3,1,1,1,1055,2,5.8,5,1,5,1,68.67
21,0,0,0,774,3,8.3,1,5,6,2,73.5
35,1,1,0,658,3,4.8,0,1,3,2,80.87
12,0,0,1,745,0,2.3,5,2,8,1,49.53
14,1,0,0,833,0,10.2,5,0,8,1,59.0
8,0,0,1,930,3,6.5,1,4,8,1,59.5
5,0,1,0,494,1,0.6,0,0,4,0,29.9
29,1,0,0,516,0,7.5,6,1,2,2,71.67
22,0,1,1,903,0,9.9,0,1,6,1,57.67
32,1,1,0,916,2,1.2,4,2,2,2,72.13
2,0,1,1,277,3,0.3,4,3,2,1,47.2
1,1,0,0,899,2,2.2,4,2,7,1,53.13
9,1,1,1,94,0,4.1,1,3,8,1,51.9
2,0,0,0,715,3,10.1,1,5,8,1,54.5
25,0,0,1,417,1,3.7,1,4,1,1,69.8
13,0,1,1,419,3,4.7,2,2,1,2,75.13
21,1,1,0,101,1,5.5,4,0,3,2,72.5
9,1,1,1,145,2,4.3,4,4,3,2,75.2
2,0,0,1,728,0,4.4,2,1,3,1,41.27
4,1,1,1,601,1,4.2,4,5,7,1,68.3
21,0,1,1,984,3,6.0,1,1,6,2,74.17
9,0,0,0,990,3,4.9,3,4,5,1,60.1
10,0,0,1,817,2,3.0,4,4,6,1,67.0
4,0,0,0,391,2,11.8,2,5,7,1,59.0
4,1,1,0,362,2,6.6,6,1,5,2,70.67
15,0,0,0,489,3,2.4,4,2,2,1,62.93
12,0,0,0,695,0,1.0,6,4,6,1,41.0
8,0,0,1,629,0,7.7,0,1,6,1,44.67
20,0,1,1,704,2,2.1,6,3,1,2,78.4
5,1,1,1,343,3,10.5,0,2,6,1,62.33
3,1,1,0,175,0,1.9,1,4,2,0,32.1
22,1,1,1,631,1,7.9,4,4,6,2,89.5
14,1,1,0,874,2,7.8,4,5,8,2,84.0
35,1,1,1,215,2,0.1,3,0,6,1,66.9
9,0,1,0,1039,0,7.5,0,0,4,0,38.0
35,0,1,1,835,1,10.8,6,5,3,2,87.5
33,0,1,0,532,3,2.6,2,3,8,2,75.4
13,1,0,0,755,0,0.8,5,3,6,1,46.2
3,0,1,1,1008,3,11.3,5,1,1,1,63.67
16,0,1,1,327,1,4.3,2,3,5,1,64.7
19,1,0,0,568,2,11.5,1,2,5,2,74.83
5,1,0,1,973,1,1.9,5,4,8,1,49.1
13,0,0,1,127,3,2.2,6,1,5,1,57.47
1,0,0,0,216,2,1.8,5,2,2,1,40.53
10,1,1,0,504,2,7.7,5,5,7,2,80.0
21,0,0,0,891,0,0.5,4,4,4,1,48.0
27,0,0,0,1094,2,0.8,0,0,8,1,47.2
8,1,0,0,309,1,7.6,4,4,2,1,59.5
33,1,1,0,437,1,10.2,1,5,2,2,80.0
17,0,0,1,355,0,11.6,1,4,1,1,59.5
26,1,1,0,413,0,7.8,4,2,6,2,78.33
26,1,1,1,405,3,4.6,1,3,7,2,90.9
26,0,0,0,702,2,8.3,5,3,4,2,85.0
12,0,0,0,1010,0,4.9,4,2,8,1,48.93
35,1,1,0,564,3,6.1,4,4,7,2,95.0
15,1,1,0,482,2,7.4,5,2,2,2,83.33
34,0,1,1,1010,3,10.3,2,4,8,2,84.0
14,0,0,1,616,1,6.3,6,2,4,1,69.83
11,0,1,0,735,0,3.9,2,3,2,1,51.6
26,0,1,1,185,2,4.3,6,4,5,2,86.2
28,0,1,1,377,3,8.3,3,5,8,2,92.5
11,0,0,0,455,3,6.2,1,4,6,1,63.5
33,1,1,1,98,1,0.0,2,0,3,1,56.5
19,1,1,1,327,2,10.0,0,4,8,2,78.0
5,0,0,1,1061,2,7.4,2,0,8,1,54.0
24,1,0,1,1073,3,5.2,4,2,6,2,86.33
15,1,0,0,1081,2,0.8,1,2,2,1,48.03
5,1,1,1,618,3,6.0,5,0,2,2,75.0
29,1,1,1,1098,3,2.1,0,3,7,2,72.4
31,0,0,0,838,1,4.8,0,5,5,1,66.7
35,1,1,1,200,0,2.6,0,4,1,1,59.4
6,1,0,0,657,3,0.7,5,1,6,1,50.47
30,0,1,0,496,0,10.5,1,2,6,1,65.83
12,0,0,1,612,2,1.0,3,2,5,1,56.83
35,1,1,0,394,2,3.0,3,3,5,2,84.5
19,0,0,0,292,2,11.2,5,3,3,2,73.0
23,1,0,1,1021,0,8.8,0,4,2,1,62.0
26,1,0,1,304,3,3.5,5,1,8,2,79.67
25,1,0,0,139,1,5.2,5,0,1,2,71.5
8,0,1,0,94,1,6.0,5,5,5,1,59.5
13,0,0,0,608,0,5.6,1,0,1,1,45.5
26,0,1,1,782,3,1.9,0,5,3,2,72.6
2,0,1,1,856,1,10.5,6,2,3,1,62.83
19,1,1,0,235,1,4.7,0,2,7,1,62.63
9,1,0,0,282,3,1.8,1,3,6,1,47.7
25,0,0,1,205,1,12.0,4,4,2,2,76.5
18,1,1,0,848,3,10.7,0,1,8,2,74.67
17,1,0,0,223,3,3.3,6,1,5,1,65.87
2,0,0,1,279,1,7.9,0,1,6,1,40.17
22,1,1,0,417,2,2.1,6,2,2,2,78.73
35,1,0,0,886,1,7.1,3,0,1,2,75.0
2,0,1,0,505,2,0.9,5,5,3,1,50.6
23,0,0,1,85,3,3.6,2,0,2,1,66.4
15,0,0,1,356,0,3.9,1,1,1,1,49.77
32,1,1,0,370,3,6.7,1,1,4,2,84.17
6,0,0,0,580,1,8.3,1,0,3,1,46.0
9,1,0,1,482,0,3.5,0,0,4,1,43.0
14,0,0,0,154,2,11.8,0,1,3,1,54.67
19,1,0,1,686,1,0.1,3,3,1,1,59.4
5,0,0,0,234,2,9.2,1,1,4,1,48.17
21,0,0,1,118,3,6.3,2,0,2,2,70.0
12,0,1,1,174,2,7.0,6,3,8,2,76.0
8,1,1,0,842,3,10.0,6,5,3,2,78.0
27,1,1,0,149,2,9.0,6,1,4,2,85.67
12,1,0,1,668,0,4.7,6,3,6,1,65.8
24,1,0,0,748,2,8.0,6,3,5,2,89.0
0,1,1,0,1053,0,10.5,3,3,7,1,46.5
19,1,0,1,638,1,1.0,3,3,1,1,63.0
18,1,0,1,271,3,4.9,4,1,2,2,78.27
13,0,1,0,479,2,4.0,1,2,3,1,64.83
14,1,1,1,591,2,11.5,4,4,4,2,89.0
10,1,0,0,953,1,1.2,1,3,5,0,38.8
22,0,1,0,1030,2,8.0,0,4,6,2,71.0
28,1,1,1,392,3,11.3,6,5,1,2,100.0
31,1,1,0,138,0,6.7,3,2,3,1,69.83
29,0,1,1,220,0,11.4,2,1,4,1,65.67
32,0,1,0,845,2,7.5,1,2,1,2,80.83
26,1,0,1,584,2,8.3,2,2,3,2,88.33
31,0,1,0,285,0,1.9,5,4,3,1,56.6
19,0,1,1,875,2,11.5,1,2,5,2,79.83
30,0,1,1,492,0,8.2,2,3,6,2,75.0
24,1,1,0,288,3,6.0,3,5,3,2,85.5
20,0,0,1,855,3,7.9,6,5,7,2,85.0
4,1,1,1,814,3,6.4,2,5,2,2,74.0
16,1,0,0,624,2,4.2,2,2,4,2,71.13
4,0,1,0,1032,2,2.0,1,5,2,1,43.5
25,1,1,1,481,3,9.7,2,1,3,2,91.67
34,1,1,0,298,2,8.2,3,0,1,2,81.5
15,1,1,0,667,2,9.4,5,1,3,2,81.67
14,0,0,1,1000,0,8.9,6,5,7,1,58.0
18,0,1,1,809,0,9.3,4,4,5,2,73.0
13,0,1,0,448,0,4.3,5,4,2,1,60.2
7,1,0,0,548,1,5.4,4,0,8,1,59.5
35,0,0,1,193,3,2.7,5,2,6,2,73.13
33,0,0,0,368,0,2.7,1,0,5,1,48.3
27,1,0,1,821,0,7.0,3,3,7,2,77.5
14,0,1,1,753,2,0.9,3,4,3,1,65.1
27,1,1,0,429,1,1.3,1,2,4,1,63.53
4,0,1,0,889,1,9.3,1,4,5,1,54.0
1,0,0,1,290,3,0.2,6,5,5,1,40.8
35,1,0,1,1095,2,3.7,0,5,3,2,73.8
22,1,0,1,871,0,4.1,6,1,6,2,70.07
30,1,0,1,893,2,5.7,6,1,2,2,91.67
33,1,1,0,442,2,7.9,1,5,5,2,87.5
33,1,1,0,911,3,1.6,0,0,4,1,60.4
34,1,0,0,912,0,5.6,0,1,2,1,55.67
20,1,1,1,867,1,0.1,1,2,7,1,58.73
6,0,0,0,530,3,6.9,5,5,8,1,66.0
4,0,1,0,489,1,8.6,3,5,8,1,59.0
9,0,1,1,144,1,9.6,1,0,7,1,53.0
14,0,0,0,1009,1,9.6,0,3,1,1,50.5
25,0,0,0,1032,3,3.2,1,3,1,1,64.3
30,0,0,0,226,1,7.4,2,0,7,1,61.5
0,0,0,0,594,0,8.5,5,4,5,1,45.0
29,1,0,0,104,1,10.0,6,3,4,2,76.5
7,0,1,0,707,0,6.6,2,5,2,1,52.0
5,0,0,0,456,2,3.6,6,2,3,1,57.73
31,1,0,0,160,0,0.5,5,5,4,1,51.0
33,1,1,1,1025,1,11.0,5,0,1,2,81.5
3,0,0,1,900,0,2.2,2,3,5,0,36.8
8,1,1,1,109,2,4.6,1,3,3,1,67.9
30,1,1,0,93,3,6.5,2,1,6,2,80.67
21,0,0,1,893,0,6.4,0,0,6,1,56.0
27,1,1,0,630,0,11.6,1,1,1,1,69.17
34,0,1,0,743,1,2.6,6,0,5,1,67.9
27,0,0,1,709,1,8.3,5,2,7,2,80.83
15,1,1,0,173,1,7.7,4,5,3,2,71.5
4,0,1,1,159,0,8.8,4,0,2,1,48.0
23,0,0,0,819,3,7.8,4,5,5,2,83.0
28,0,0,1,390,3,4.9,5,1,8,2,86.27
6,1,1,1,932,1,0.4,6,1,2,1,45.77
13,1,1,1,719,0,10.1,0,0,3,1,58.0
19,1,0,0,227,3,1.2,0,3,5,1,52.8
5,0,0,0,382,0,3.2,1,2,6,0,33.63
34,0,0,1,886,2,4.4,1,4,2,2,80.1
15,0,1,1,1034,0,2.7,1,1,7,1,43.97
23,0,1,1,970,0,0.6,5,3,6,1,54.4
15,1,0,1,528,3,1.4,3,4,8,1,68.1
5,1,0,1,571,1,10.9,3,3,1,1,65.0
7,0,0,1,449,3,5.6,2,4,1,1,67.0
4,0,1,0,656,3,1.3,3,4,1,1,51.7
15,0,1,0,183,0,5.7,3,3,3,1,56.5
4,1,1,0,290,2,8.0,2,0,2,1,58.0
30,1,1,0,601,0,7.5,6,4,1,2,80.0
30,0,0,1,760,1,7.8,1,3,6,2,75.0
2,1,0,0,96,3,10.8,0,3,4,1,51.0
2,1,1,0,939,1,3.7,2,4,4,1,48.3
4,1,0,0,92,2,11.4,1,0,8,1,50.5
23,1,0,0,277,3,2.4,6,3,5,2,71.6
14,1,0,1,261,2,5.0,5,0,6,2,73.0
10,0,0,0,702,2,7.3,3,4,7,1,67.5
8,1,0,0,360,3,1.8,1,4,3,1,52.7
20,0,0,0,512,1,1.0,6,3,7,1,56.5
16,0,0,1,1070,3,1.1,3,0,1,1,51.9
18,0,1,0,971,1,5.0,4,3,5,1,69.5
32,0,1,0,591,2,10.8,4,1,7,2,86.67
4,1,1,0,960,2,7.7,3,2,5,1,63.83
4,0,1,0,768,2,9.6,0,3,8,1,59.0
21,0,1,1,884,1,11.7,0,1,7,2,70.17
25,0,0,1,832,2,4.6,3,2,3,2,84.23
14,0,1,0,116,1,10.6,4,3,2,1,65.5
30,1,1,1,433,3,3.8,6,3,1,2,95.2
10,1,1,0,1065,2,10.0,5,1,4,2,70.67
12,1,1,1,247,0,7.2,6,5,1,1,66.0
12,0,1,1,109,0,9.6,6,1,2,1,57.67
15,0,0,0,258,2,10.8,6,1,1,1,65.67
1,0,0,0,1073,1,1.8,2,0,6,0,24.7
20,1,1,1,975,2,4.0,0,2,3,2,73.33
16,0,0,0,793,2,1.6,6,5,6,1,62.4
21,1,0,0,699,0,9.0,6,5,7,2,71.0
24,1,0,0,398,0,9.6,0,0,3,1,59.0
12,1,1,0,717,0,9.9,3,4,7,1,64.5
8,0,0,0,190,3,2.9,2,4,7,1,48.6
33,1,0,0,314,0,2.7,2,1,8,1,51.47
12,0,0,1,1099,2,1.6,0,1,8,1,44.07
21,1,1,1,615,2,0.7,4,2,2,2,77.13
18,0,1,0,234,1,11.2,1,3,1,1,62.0
12,1,0,1,782,3,6.4,6,0,2,2,77.0
4,1,1,1,148,2,9.6,4,1,8,1,69.67
20,1,1,1,627,3,9.4,5,2,1,2,93.33
6,1,0,1,216,0,10.3,4,1,2,1,51.67
29,0,1,0,952,2,5.2,0,1,7,2,70.67
6,0,0,1,1011,1,6.4,5,0,6,1,52.5
10,1,0,0,257,3,9.2,3,5,6,1,66.5
23,0,0,1,1075,0,1.1,5,5,7,1,51.4
30,0,0,1,856,3,4.7,1,5,3,2,81.3
12,1,0,1,901,1,0.3,4,3,3,1,49.7
20,1,0,1,779,1,7.9,0,0,4,1,67.5
22,0,1,0,1000,0,11.4,2,1,6,1,57.67
17,1,1,1,712,2,4.7,2,0,4,2,80.8
0,1,0,0,1094,1,9.1,6,2,5,1,49.83
32,1,1,1,939,2,1.6,4,5,6,2,80.4
3,1,0,1,979,1,10.3,5,5,1,1,59.5
35,1,1,1,881,3,9.4,6,1,6,2,96.67
23,0,0,0,201,2,10.6,6,0,4,2,72.0
23,0,0,1,838,0,2.4,3,5,7,1,60.1
19,1,1,1,733,3,3.8,2,5,5,2,84.2
22,0,0,1,536,3,0.1,5,1,4,1,64.07
13,1,1,0,750,0,5.5,4,3,1,1,68.0
8,1,0,0,616,2,9.8,6,5,6,2,73.0
6,0,0,0,455,3,1.9,5,5,2,1,53.6
26,0,1,1,1095,2,6.2,1,3,1,2,81.5
9,1,0,0,97,0,10.4,2,0,1,1,43.0
13,0,0,1,1035,1,6.7,1,1,8,1,53.67
1,1,0,1,698,2,2.8,1,4,8,1,54.7
3,0,0,1,1004,1,9.0,1,4,5,1,47.0
14,0,0,0,1005,1,11.7,5,5,2,1,60.5
29,0,1,1,1027,0,5.9,0,3,2,1,64.0
4,1,0,1,551,1,7.7,4,2,7,1,64.83
15,0,0,0,970,3,4.3,3,2,5,1,62.03
10,0,1,0,225,1,7.1,0,4,5,1,51.5
11,1,1,1,867,3,5.7,2,3,4,2,81.0
30,0,0,0,155,2,8.4,0,3,2,1,69.0
22,1,1,1,801,3,7.7,3,4,1,2,94.5
2,1,1,1,1054,3,7.4,1,4,1,1,63.5
9,1,1,1,684,1,4.1,1,4,7,1,65.4
11,1,0,0,999,0,7.4,6,3,8,1,55.0
31,1,1,0,438,2,7.7,3,0,6,2,87.5
16,1,1,0,459,3,0.8,6,5,1,1,69.2
17,1,1,1,244,3,0.3,1,1,1,1,56.37
8,0,1,0,304,0,5.2,0,5,2,1,42.0
9,0,0,1,937,1,0.5,3,5,7,1,40.0
27,0,0,0,1080,2,0.5,0,1,2,1,47.67
2,0,1,0,195,3,1.9,1,1,6,0,37.77
12,1,0,1,413,3,4.9,3,1,8,2,75.77
1,0,0,0,994,1,9.5,5,5,1,1,47.5
28,0,1,0,542,3,10.6,4,5,6,2,90.0
25,0,0,0,588,1,8.3,1,5,1,2,70.0
32,0,1,1,802,1,6.8,5,5,7,2,87.5
21,1,0,1,996,3,2.3,1,5,1,1,66.7
20,1,1,1,242,3,11.4,6,0,8,2,84.0
2,0,1,0,667,3,10.9,4,4,7,1,67.0
0,0,0,0,465,2,10.5,4,3,8,1,60.0
16,0,1,1,179,0,5.9,5,2,4,1,63.33
4,1,1,1,290,3,9.2,5,5,5,2,73.0
29,1,1,1,1061,0,0.6,6,1,5,1,58.07
3,0,1,1,958,1,3.1,4,0,8,1,46.9
30,0,0,0,951,0,2.6,4,3,2,1,54.4
18,1,0,0,740,0,7.7,6,4,5,1,68.0
21,0,0,0,565,1,3.0,0,1,3,1,52.17
19,0,1,1,297,0,5.0,3,2,1,1,63.83
24,0,1,1,922,1,11.1,1,4,2,2,73.0
35,1,1,0,1016,1,10.8,3,3,5,2,79.0
23,0,1,1,246,2,10.6,2,3,2,2,82.0
8,1,1,1,474,1,3.8,0,2,4,1,59.03
29,0,1,1,724,2,6.8,5,5,6,2,95.0
30,0,0,1,272,1,3.6,5,1,2,1,67.57
26,0,0,0,290,0,9.0,1,5,2,1,56.5
18,0,0,0,352,0,11.7,0,2,6,1,51.33
0,1,1,0,93,1,11.9,6,1,2,1,53.17
13,0,1,1,771,3,4.9,5,0,2,2,77.6
27,0,1,0,518,2,10.4,0,0,1,2,75.0
27,1,0,1,823,2,6.6,2,2,5,2,88.33
34,0,0,0,235,1,1.3,6,0,3,1,51.7
19,0,1,1,554,0,8.7,1,3,3,1,66.5
15,0,0,1,327,0,10.0,4,3,7,1,59.0
21,1,0,0,1078,0,5.4,4,1,1,1,61.67
11,0,0,1,164,2,9.1,2,5,2,1,65.0
27,1,0,1,330,1,2.1,3,2,2,1,65.73
32,1,0,0,589,0,11.9,5,5,3,2,75.0
3,1,0,1,128,0,6.3,5,5,4,1,52.0
32,1,0,0,765,1,5.2,5,3,2,2,82.5
15,1,0,0,757,3,1.2,3,0,5,1,57.3
23,1,0,1,757,2,2.7,3,3,7,2,81.3
4,0,0,0,138,1,11.9,5,0,7,1,45.5
32,1,1,0,181,3,6.8,3,2,2,2,84.83
30,0,0,0,575,3,1.5,5,0,3,1,66.0
2,0,0,1,325,0,2.7,5,2,6,0,35.13
10,1,1,1,245,3,5.3,0,1,2,1,65.67
34,1,0,0,754,2,8.6,0,3,2,2,80.0
14,0,0,0,975,2,1.0,2,4,6,1,47.0
35,1,0,1,611,1,5.8,2,1,6,2,79.17
22,0,1,0,595,0,5.0,5,4,3,2,72.0
2,1,1,0,868,3,9.4,4,3,4,2,72.0
32,1,1,1,491,0,9.8,3,2,4,2,80.83
28,1,1,1,448,0,9.1,5,5,4,2,85.0
14,1,1,1,790,0,3.3,0,2,6,1,55.53
26,0,1,1,903,1,4.1,3,0,3,2,70.4
31,0,1,0,356,3,0.5,1,2,7,1,62.83
28,1,1,0,401,1,11.7,1,5,3,2,80.0
22,1,0,0,419,0,10.2,0,3,7,1,62.0
12,0,1,0,194,2,5.3,3,4,5,1,68.5
1,1,1,0,468,0,8.8,0,2,6,1,44.33
8,0,0,0,100,1,3.5,1,5,4,1,41.0
14,1,1,0,117,2,6.2,6,4,2,2,78.0
32,1,0,0,297,3,3.7,3,2,1,2,74.63
14,0,1,1,326,3,2.9,4,1,7,1,66.27
2,1,1,1,874,3,5.6,0,0,7,1,62.0
29,0,0,1,641,3,1.9,0,2,8,1,65.93
5,1,1,0,789,0,0.8,0,1,6,0,29.87
0,1,1,1,376,2,6.2,5,1,2,2,71.67
32,1,0,1,377,1,2.6,3,2,6,2,73.73
35,1,1,0,712,2,10.1,2,5,6,2,90.0
8,1,0,1,245,3,0.3,2,1,7,1,44.87
0,0,0,1,449,3,3.1,1,5,8,1,49.9
10,1,0,0,465,1,10.6,2,5,7,1,62.5
2,1,1,0,634,1,0.8,1,5,3,1,40.2
16,0,0,1,377,1,8.6,5,4,2,2,73.5
8,1,1,1,774,1,6.6,4,4,4,2,75.5
28,1,0,1,585,3,6.6,1,0,2,2,82.5
5,0,0,1,905,0,2.1,6,4,1,0,37.4
1,0,1,0,930,3,6.4,6,1,4,1,56.67
20,1,0,0,424,2,0.8,0,0,2,1,53.2
3,0,1,1,387,0,10.4,3,4,5,1,55.5
35,0,0,1,313,2,1.1,5,4,8,1,68.4
9,1,1,1,884,3,10.0,1,2,5,2,74.83
32,0,0,1,485,0,2.7,1,3,6,1,58.3
29,1,1,0,719,2,4.8,1,2,8,2,85.03
25,0,0,1,1020,1,5.7,4,1,4,2,73.17
15,1,0,1,362,2,7.6,3,2,7,2,80.83
13,1,1,0,973,2,3.0,6,1,3,1,65.67
10,1,0,1,914,3,5.2,5,5,7,2,74.0
12,0,0,1,256,1,3.8,5,3,7,1,58.7
17,0,0,0,819,1,1.9,4,4,4,1,57.1
28,1,0,0,1083,1,5.3,6,5,2,2,76.5
34,1,0,1,725,1,11.3,1,5,6,2,80.0
23,0,1,0,1084,1,8.3,1,2,2,1,65.33
3,0,0,0,290,0,3.1,6,0,5,0,29.4
31,0,1,0,387,3,2.7,1,5,7,2,73.3
7,0,0,0,417,0,5.4,3,0,4,1,44.5
13,1,0,1,855,3,4.9,4,3,4,2,82.6
19,1,0,1,773,3,7.0,4,3,5,2,89.0
11,1,1,0,756,0,6.7,3,4,4,1,63.5
35,0,0,1,1000,3,11.7,0,2,8,2,72.33
10,0,1,0,975,2,5.2,5,5,4,1,69.0
9,1,0,1,102,3,5.3,2,4,4,1,68.0
21,0,0,0,766,0,3.4,6,2,5,1,57.93
34,0,0,0,828,0,11.9,2,0,6,1,60.0
11,1,1,0,200,3,3.6,3,3,2,1,66.9
27,0,1,0,409,3,7.8,6,3,7,2,90.0
33,1,0,0,747,3,3.2,1,1,8,2,71.97
24,1,1,0,697,1,5.1,2,1,2,2,78.17
35,0,1,0,114,3,8.0,6,2,8,2,82.33
4,0,0,1,388,0,9.7,2,1,8,1,45.67
5,0,0,0,595,1,7.7,6,0,4,1,52.5
33,0,0,1,920,3,5.3,4,1,6,2,80.67
3,0,1,1,691,0,10.4,0,3,2,1,48.0
13,1,1,1,271,3,0.3,3,4,6,1,60.7
19,1,0,0,900,3,4.1,2,0,6,2,70.4
32,1,1,1,333,3,11.0,4,2,4,2,92.33
27,1,1,0,218,1,9.7,4,0,2,2,76.5
16,0,1,1,786,1,4.8,1,5,2,2,70.2
19,0,0,1,737,3,0.5,1,3,7,1,58.5
27,0,1,1,492,3,6.2,1,3,3,2,87.5
32,1,1,0,939,0,2.9,5,0,3,1,60.6
23,1,1,1,420,2,7.2,6,1,3,2,94.67
10,0,0,0,569,2,10.4,4,1,3,1,66.67
35,0,1,1,389,0,3.2,3,0,7,1,65.3
14,1,1,0,531,3,9.4,0,1,7,2,70.67
16,0,0,0,553,3,7.0,4,0,4,2,71.0
28,1,0,0,461,0,10.6,0,4,1,1,65.0
31,0,1,0,996,3,3.2,3,1,4,2,70.97
5,1,1,0,911,2,6.8,2,0,6,1,59.0
32,0,0,1,340,2,8.0,3,4,8,2,81.5
28,1,1,1,1022,0,8.3,1,0,4,1,66.5
8,0,0,0,584,2,2.3,2,5,8,1,52.2
30,0,0,0,258,3,0.9,3,0,1,1,55.1
30,1,0,1,317,1,9.4,4,3,4,2,81.5
21,1,1,1,484,0,7.7,4,0,6,2,76.0
2,1,0,0,423,0,0.3,6,0,7,0,28.2
31,1,1,0,679,3,7.0,0,3,5,2,85.0
26,0,1,1,186,3,1.2,5,0,8,1,68.8
27,0,0,1,971,2,0.5,3,5,5,1,63.5
0,1,0,1,670,3,4.5,2,5,1,1,63.0
21,1,0,1,1015,0,5.2,4,5,3,2,70.0
30,1,0,1,1049,0,1.8,5,5,1,1,61.2
15,0,0,1,323,3,10.0,5,5,6,2,74.0
9,0,0,1,608,3,11.4,1,3,3,1,66.5
35,1,1,0,620,2,9.6,0,0,3,2,80.0
0,1,0,1,417,0,1.9,1,2,1,0,33.43
7,1,0,1,920,0,2.6,1,2,4,0,37.23
0,0,1,0,999,1,9.3,5,4,6,1,51.5
8,0,1,1,780,1,10.2,4,3,5,2,70.5
16,0,0,1,990,1,2.9,5,0,2,1,54.1
12,1,0,1,410,0,8.9,6,5,8,1,67.0
34,0,1,0,175,2,4.8,1,1,4,2,72.37
4,0,0,1,165,1,3.0,5,0,7,1,42.5
28,0,0,1,428,1,2.9,6,3,6,2,74.1
29,1,0,1,148,2,5.0,2,5,2,2,84.0
13,1,1,1,369,1,10.4,5,3,5,2,80.5
24,0,0,1,144,3,10.4,2,3,5,2,78.0
25,0,0,0,603,3,2.3,0,3,7,1,64.2
21,1,0,0,1025,3,7.9,2,3,3,2,75.0
18,1,1,1,374,3,7.3,4,1,3,2,89.67
16,0,1,0,361,3,4.5,6,1,7,2,75.67
1,1,1,0,794,0,1.1,1,2,7,0,31.23
12,1,1,1,728,3,4.4,0,1,2,2,71.27
19,0,1,1,757,2,6.8,5,1,4,2,85.67
32,1,1,1,474,2,12.0,5,3,1,2,100.0
31,0,0,0,137,2,3.6,0,1,4,1,60.07
31,1,1,1,625,0,0.5,0,1,4,1,53.67
5,1,0,1,450,0,1.7,2,5,7,1,41.8
14,0,0,0,578,2,0.4,5,3,5,1,55.6
23,1,0,1,270,3,2.2,6,3,6,2,75.8
8,1,0,0,390,2,8.1,4,1,2,1,69.67
35,1,1,0,714,2,0.2,3,5,7,2,73.3
23,1,1,0,666,1,3.6,5,5,6,2,79.9
35,1,1,1,164,0,6.9,6,0,7,2,74.0
20,1,0,1,882,1,5.9,0,3,4,2,72.5
20,1,0,1,379,1,7.6,3,5,4,2,80.0
18,1,0,0,1091,2,4.8,0,0,5,1,61.2
22,0,0,0,503,2,1.4,6,4,3,1,67.6
6,1,1,1,356,3,11.3,2,5,6,2,76.0
16,0,0,1,314,2,9.4,6,3,5,2,75.0
21,0,1,1,93,2,1.6,2,0,6,1,61.4
21,0,0,1,336,0,6.9,3,3,5,1,62.5
23,0,1,1,1020,2,6.7,3,3,6,2,84.5
8,0,1,0,321,1,10.6,0,1,4,1,46.17
8,1,1,1,462,0,2.3,5,1,7,1,53.87
33,1,0,0,808,2,0.5,2,2,2,1,65.33
31,0,0,0,609,1,10.3,1,2,4,1,68.33
21,1,0,1,426,3,2.5,6,2,1,2,79.33
31,1,0,0,638,0,8.3,3,5,4,2,72.5
6,1,0,0,275,2,4.3,0,3,2,1,52.2
34,0,1,1,904,3,5.7,6,2,5,2,87.33
34,0,0,1,261,0,2.5,2,5,7,1,54.0
12,0,0,0,700,1,0.2,3,3,5,1,42.8
17,0,1,1,620,0,3.3,3,1,4,1,59.37
15,0,0,1,214,3,5.0,0,3,7,1,64.0
3,0,1,0,494,1,5.9,3,1,3,1,54.67
32,1,0,1,364,2,1.0,0,3,6,1,69.0
6,0,0,0,96,0,3.9,2,1,2,0,32.27
3,1,0,0,174,3,5.8,5,5,4,1,62.0
26,1,0,0,648,3,9.3,1,0,6,2,77.5
35,0,1,0,829,1,5.3,0,5,6,2,72.5
33,0,0,1,682,0,5.9,6,3,1,2,75.0
8,1,1,1,148,3,2.9,4,2,7,1,66.93
9,1,1,1,384,0,5.3,2,5,2,1,64.0
25,1,1,0,686,0,4.4,1,4,1,2,70.1
9,0,1,1,769,2,10.9,1,5,4,2,71.5
28,1,1,1,476,0,2.8,6,2,2,2,74.53
22,1,0,0,514,1,0.8,6,3,8,1,62.7
8,0,0,1,498,1,6.0,5,5,2,1,65.5
14,1,1,0,666,2,1.1,4,1,6,1,65.07
4,1,0,0,336,3,11.2,1,5,6,1,55.5
2,1,0,1,653,1,2.1,2,4,3,1,47.9
32,1,1,1,537,1,3.5,5,3,4,2,86.5
10,0,1,0,977,1,8.7,1,3,5,1,54.0
25,1,1,0,872,2,10.8,3,5,5,2,92.5
11,1,0,1,1084,2,9.9,1,2,8,1,65.83
32,0,0,0,739,2,11.8,6,4,5,2,85.0
0,1,0,0,1065,2,1.1,0,2,8,0,31.73
20,0,1,1,886,2,8.1,5,0,2,2,85.0
2,0,0,1,966,0,9.9,4,3,4,1,46.0
15,1,1,1,127,2,3.1,6,0,7,2,71.4
22,1,0,0,1054,2,3.4,2,4,2,1,69.6
14,0,0,1,438,1,7.9,2,2,4,1,64.83
10,1,0,0,646,1,0.4,2,4,8,1,44.1
8,1,1,0,122,2,10.0,0,5,6,1,62.0
9,0,0,0,211,2,3.5,6,5,2,1,57.0
32,0,1,0,635,2,3.8,1,3,3,2,77.7
28,1,0,0,390,3,1.6,2,4,4,2,71.4
25,1,0,1,700,3,10.4,0,4,2,2,85.0
16,0,0,1,409,3,0.2,0,0,3,1,46.8
26,1,1,0,228,2,8.3,2,2,6,2,82.33
9,1,1,0,427,2,3.9,4,0,6,1,69.6
3,1,1,1,858,2,5.4,1,0,5,1,65.5
5,0,1,0,121,2,6.6,4,1,7,1,60.67
35,0,0,0,185,1,11.4,3,5,1,1,69.0
15,0,0,0,820,1,9.0,1,3,3,1,60.0
10,1,1,1,84,1,8.2,2,4,8,1,66.5
2,1,1,0,781,3,1.6,4,5,6,1,58.4
0,1,0,0,425,3,8.6,6,3,6,1,65.0
1,1,0,0,560,0,1.1,3,2,4,0,31.23
16,1,0,1,1010,3,7.0,4,4,6,2,80.0
31,0,1,0,503,0,6.1,5,1,7,2,71.67
13,0,0,0,307,2,0.3,2,2,1,1,41.53
0,1,1,1,691,2,9.1,4,5,3,2,75.0
30,1,1,1,490,0,1.2,4,2,3,1,68.13
32,0,1,0,316,2,4.4,4,4,2,2,81.6
21,0,1,1,476,0,11.4,2,2,6,1,69.33
19,0,0,0,683,0,5.5,5,2,4,1,62.33
32,0,0,1,300,3,6.4,2,2,1,2,77.33
4,1,1,0,671,3,10.5,2,0,6,1,64.0
26,0,1,1,96,2,0.6,0,1,8,1,58.07
6,1,0,1,436,0,1.7,0,5,8,0,37.8
28,0,0,1,1037,2,11.8,5,3,5,2,84.0
26,0,0,0,635,0,1.8,6,3,6,1,57.2
11,1,1,1,519,1,0.0,0,5,3,1,48.5
8,1,1,0,811,0,11.8,0,4,6,1,53.0
20,0,0,1,349,1,2.9,0,3,4,1,53.1
4,0,0,0,308,0,5.3,0,2,7,0,31.33
20,1,0,1,562,1,3.9,6,3,3,2,78.1
34,0,0,1,654,3,1.3,5,1,6,2,71.87
8,0,1,1,1080,3,4.5,1,4,7,1,62.5
31,0,1,1,643,0,10.8,4,1,6,2,76.67
23,0,0,0,536,3,6.0,3,3,3,2,80.5
13,0,1,1,146,0,3.7,3,1,8,1,50.97
29,0,1,0,673,0,6.3,1,0,3,1,62.5
12,1,1,1,1062,1,4.3,4,1,5,1,67.37
12,0,0,1,842,0,0.4,2,0,2,0,33.6
1,1,1,1,444,0,11.0,5,4,8,1,61.0
9,0,0,1,400,2,9.2,6,4,8,2,74.0
1,1,1,1,98,0,9.3,0,3,1,1,45.0
33,1,0,1,908,0,9.5,0,2,1,1,62.33
24,0,0,1,957,1,1.4,2,4,1,1,56.1
33,1,0,0,164,1,9.0,1,1,6,1,65.67
21,1,0,1,525,1,6.0,6,3,4,2,83.5
19,0,0,1,1084,3,2.5,3,5,4,1,65.5
19,0,1,1,667,1,4.9,4,3,2,2,81.1
5,0,0,1,634,0,5.8,6,5,2,1,55.0
2,0,0,0,925,1,7.4,3,3,4,1,46.0
17,1,0,1,727,3,11.2,1,3,5,2,79.5
32,1,0,1,303,1,5.8,4,5,6,2,81.5
0,0,0,0,1096,1,8.8,5,1,1,1,43.17
10,1,0,0,635,2,4.4,6,1,8,1,69.27
0,1,0,1,218,3,3.2,2,2,3,1,50.13
1,1,1,0,745,1,1.0,3,3,4,1,45.0
30,0,0,1,654,0,0.1,1,4,4,1,47.9
24,0,0,0,937,2,0.9,6,0,3,1,56.6
28,1,0,0,657,3,3.3,1,2,7,2,74.03
7,1,0,1,470,3,1.2,6,4,3,1,61.8
10,0,1,0,735,1,6.3,6,5,4,1,67.5
31,0,0,0,269,1,4.7,3,2,6,1,66.13
5,0,0,0,107,0,6.9,4,0,2,0,39.0
23,0,1,1,463,3,6.8,4,4,3,2,93.0
34,0,1,0,301,1,6.8,3,1,7,2,70.67
30,0,0,1,885,3,5.0,2,5,5,2,85.0
27,1,1,0,537,3,4.3,0,5,8,2,82.2
10,1,1,0,581,3,0.9,1,3,8,1,56.1
22,1,1,1,477,1,5.5,5,4,2,2,89.5
23,1,0,1,877,2,3.8,3,3,1,2,85.7
9,0,0,1,310,3,4.0,1,4,8,1,56.5
33,0,0,1,786,0,8.6,1,4,2,1,67.5
19,1,1,1,370,3,11.0,2,1,5,2,85.67
33,0,0,1,357,1,5.8,4,0,4,2,77.5
30,0,1,1,892,0,1.4,0,2,8,1,53.93
14,1,0,1,457,2,10.2,3,1,1,2,78.17
10,0,1,0,309,3,3.2,0,0,7,1,46.8
16,0,1,0,1056,2,7.1,0,2,3,1,63.33
15,0,1,0,561,0,1.7,5,4,6,1,51.8
19,1,0,1,1088,3,0.8,3,2,8,1,62.03
9,1,0,0,332,1,10.7,3,1,2,1,54.67
20,1,1,1,884,1,2.2,2,3,1,2,71.3
30,0,0,0,513,1,2.7,0,1,4,1,54.97
3,1,0,0,870,3,11.6,4,2,2,1,66.33
2,0,0,1,673,3,10.0,0,2,2,1,55.33
7,1,0,1,133,1,3.2,5,4,1,1,56.3
21,1,0,1,1059,1,7.2,0,1,4,1,64.17
8,0,0,0,1061,0,0.9,1,2,5,0,21.43
13,0,0,1,998,1,6.7,4,0,3,1,59.5
12,1,0,0,183,1,2.1,0,0,2,0,36.9
18,1,1,1,445,3,11.6,4,1,2,2,89.67
28,0,1,1,554,3,11.8,5,3,3,2,95.0
3,1,1,0,810,1,0.2,4,2,6,1,44.63
34,1,1,0,375,0,3.1,4,0,4,1,67.4
24,1,0,1,417,2,1.6,2,5,6,2,75.4
15,1,0,0,106,2,4.0,3,2,5,1,65.83
10,1,1,0,885,0,8.2,4,0,2,1,60.0
13,1,0,1,735,3,11.1,4,5,7,2,83.0
30,0,1,1,112,3,0.6,3,3,1,1,68.9
20,1,0,0,718,0,6.1,3,2,4,1,65.83
10,0,1,0,462,3,7.2,5,4,1,2,75.0
2,1,1,0,696,1,0.5,0,5,2,0,36.5
34,0,0,0,355,3,11.5,3,2,3,2,80.83
11,1,0,0,145,3,10.5,0,4,6,1,60.0
11,1,0,1,807,0,10.8,6,5,4,1,66.0
9,0,0,1,1038,2,5.9,0,2,3,1,56.33
34,0,1,1,341,2,8.5,3,4,5,2,86.5
26,1,0,0,241,2,5.8,5,3,2,2,84.0
17,1,0,1,976,2,1.3,0,3,3,1,56.2
20,0,1,1,900,1,6.3,1,0,8,2,70.0
8,1,1,0,661,3,5.9,3,4,1,2,75.5
22,1,0,1,1099,0,7.8,1,3,4,1,63.5
18,1,0,0,699,2,3.5,6,4,4,2,77.0
16,0,1,1,450,0,9.2,4,5,5,2,71.0
31,1,1,0,134,2,0.9,1,4,1,1,65.1
31,1,0,0,429,0,11.2,5,2,5,2,73.33
32,0,0,0,447,2,0.9,4,0,8,1,63.6
15,1,1,0,817,1,0.8,5,5,4,1,60.7
24,1,1,1,619,2,10.7,2,1,1,2,90.67
35,0,1,0,272,2,6.0,0,1,4,2,70.67
3,1,0,0,858,2,9.9,6,1,6,1,64.67
12,1,0,1,150,2,5.8,5,1,5,2,72.67
30,0,0,0,554,2,8.7,4,1,6,2,81.67
24,1,0,0,725,3,6.6,6,4,5,2,89.0
33,1,0,0,229,0,9.6,3,0,1,1,61.5
26,0,0,0,955,2,6.0,0,3,7,1,69.0
26,1,1,1,142,1,8.4,6,4,6,2,86.5
12,1,0,1,772,2,2.2,2,3,4,1,65.8
20,0,1,1,501,2,3.5,3,4,6,2,81.5
27,1,0,1,194,3,1.8,1,4,3,1,68.7
21,0,0,0,934,1,5.6,5,5,5,1,67.5
5,0,1,1,967,3,8.9,6,2,8,1,67.33
23,0,0,0,489,0,10.4,2,2,6,1,61.33
32,1,0,0,963,1,0.8,4,1,6,1,56.37
29,0,1,0,956,1,2.3,2,2,5,1,59.03
20,1,0,1,675,1,8.0,3,2,4,2,78.33
7,1,1,1,927,2,0.5,0,1,3,1,44.67
35,1,0,0,239,3,11.2,6,5,4,2,84.0
24,0,1,0,901,0,2.8,5,1,1,1,55.87
32,0,1,1,195,3,3.8,3,5,1,2,81.7
26,0,1,1,125,2,11.3,6,5,7,2,89.0
3,0,0,0,833,1,11.9,4,0,7,1,50.5
1,0,0,0,1094,3,6.3,0,3,8,1,45.0
2,0,1,0,301,0,4.9,0,4,8,0,35.6
14,0,1,0,479,3,7.4,5,3,5,2,79.0
29,0,1,1,995,1,3.1,0,0,3,1,58.9
21,0,1,1,1033,3,3.5,3,5,4,2,76.5
2,0,0,1,699,0,6.4,1,0,1,0,39.5
14,0,0,1,851,3,9.5,0,4,6,1,69.0
32,0,1,1,271,3,2.2,5,0,8,2,72.8
5,1,1,1,179,0,6.3,6,5,3,1,59.0
23,1,0,1,228,3,2.2,2,4,4,2,70.8
28,1,1,1,481,0,5.0,1,3,7,2,77.5
30,1,1,0,299,2,3.5,4,2,3,2,81.33
13,0,0,0,444,1,11.1,0,4,3,1,55.5
2,1,1,0,760,2,2.3,3,4,4,1,58.7
7,0,0,0,903,3,3.7,5,4,3,1,55.8
33,0,1,0,167,1,0.8,3,0,5,1,52.2
29,0,1,0,713,3,3.2,0,4,3,2,72.8
10,1,0,0,400,2,11.0,4,0,3,2,70.0
12,0,0,0,245,1,9.0,0,5,2,1,48.5
13,1,1,0,597,3,1.6,3,5,2,1,66.9
31,0,0,1,1019,0,10.7,4,5,3,1,69.0
10,0,1,0,305,1,4.0,0,2,2,1,45.83
23,1,0,1,947,2,6.1,5,1,7,2,83.67
16,0,0,1,914,0,1.8,6,4,5,1,47.2
5,1,0,1,606,3,6.7,6,0,3,2,70.0
16,1,1,0,245,1,5.6,4,2,1,2,70.83
17,1,0,0,800,3,5.6,6,2,8,2,80.33
4,0,1,0,391,2,8.5,6,3,1,1,69.0
4,1,0,0,901,1,5.6,6,2,3,1,53.83
33,1,1,0,1055,2,5.9,1,2,5,2,79.83
4,0,0,1,383,3,2.5,3,0,2,1,51.5
18,1,1,0,113,2,9.6,6,3,3,2,82.0
16,1,1,1,760,2,8.2,0,0,1,2,76.0
16,1,0,0,923,1,6.7,5,5,4,1,67.5
20,0,0,0,674,1,8.3,2,1,3,1,64.17
20,1,0,0,174,1,11.0,0,0,1,1,56.5
7,1,0,1,990,1,4.1,5,2,1,1,58.23
34,1,1,1,1058,2,7.9,6,2,2,2,92.33
11,0,1,1,884,2,8.1,0,0,8,1,66.0
17,1,1,1,214,3,3.4,2,1,2,2,71.27
34,0,0,0,801,2,0.2,6,4,6,1,65.8
18,1,1,0,944,1,2.6,0,4,5,1,54.9
30,0,0,1,1025,0,1.6,5,0,1,1,50.4
31,0,1,0,919,3,1.0,0,0,6,1,53.0
14,0,0,0,514,1,9.0,2,5,8,1,61.5
14,1,1,0,475,1,0.7,4,4,4,1,59.3
31,1,1,0,608,1,5.5,3,4,3,2,85.0
13,0,1,1,982,0,6.2,6,0,7,1,57.0
7,1,1,1,373,2,2.6,2,3,4,1,67.4
19,1,1,0,868,2,11.5,3,4,2,2,86.5
20,0,1,1,529,2,4.3,6,5,7,2,87.2
25,1,0,1,223,0,0.7,2,2,3,1,50.13
30,1,0,1,310,1,3.8,0,2,5,1,65.03
1,0,1,1,335,3,1.8,5,0,4,1,47.2
3,0,1,1,728,1,7.4,5,0,4,1,60.5
10,0,0,0,155,0,10.2,5,0,4,1,44.0
12,0,0,0,372,1,11.7,1,5,3,1,57.0
5,1,1,0,945,0,6.5,6,2,1,1,52.33
2,0,0,0,465,2,8.3,6,5,2,1,62.0
9,0,0,1,827,2,1.9,4,5,1,1,61.6
12,1,0,1,735,2,8.3,0,1,6,1,68.67
33,0,1,1,867,3,11.6,1,4,8,2,87.5
26,0,1,1,110,1,10.3,6,5,4,2,81.5
29,0,0,0,608,1,8.9,6,3,8,2,77.5
10,1,0,1,944,0,0.4,1,3,5,0,33.1
9,0,0,0,274,0,3.2,6,5,5,1,40.8
31,1,1,0,385,0,0.2,5,2,2,1,59.13
18,1,0,0,999,0,7.6,6,4,6,1,62.0
33,0,0,0,304,3,1.7,2,4,3,1,60.8
24,1,0,0,508,0,0.3,1,1,2,1,44.37
19,1,0,0,612,0,2.3,1,3,1,1,50.7
5,1,1,0,697,1,0.9,4,4,1,1,51.1
25,0,0,1,1035,2,8.5,4,3,5,2,84.0
27,1,1,0,657,3,1.1,3,1,2,2,73.57
25,1,1,0,470,0,8.5,1,1,4,1,69.17
1,0,0,1,440,0,0.2,0,0,6,0,16.8
4,1,0,0,273,2,9.3,1,0,2,1,50.5
0,1,1,0,1087,2,11.6,2,1,6,1,55.67
28,1,1,0,319,0,6.8,6,1,8,2,70.67
23,1,1,1,329,0,6.8,2,1,1,1,68.67
25,1,1,1,833,1,11.8,4,2,7,2,90.83
33,0,1,0,1053,3,4.0,6,3,6,2,80.0
2,0,0,1,761,0,1.1,3,5,3,0,33.9
27,1,0,1,313,1,2.8,2,0,2,1,62.7
31,1,1,0,795,2,4.9,3,2,4,2,90.43
21,0,0,1,583,2,6.0,6,0,7,2,81.0
14,0,1,0,544,3,6.7,0,0,6,1,64.0
33,0,0,1,277,2,5.7,1,1,5,2,73.17
20,1,1,0,1088,1,1.1,5,2,2,1,59.23
12,0,0,1,511,1,2.2,3,1,7,1,52.47
8,0,1,0,147,3,0.3,1,3,4,1,40.7
16,0,1,1,689,1,6.4,2,5,1,2,73.5
3,1,0,0,712,1,5.2,6,0,5,1,55.5
12,1,1,1,185,2,11.1,0,4,1,2,71.0
32,0,0,1,307,1,0.9,5,2,8,1,58.43
30,0,0,0,351,3,3.1,2,4,7,2,72.4
16,1,1,0,446,2,9.3,3,2,4,2,81.83
12,0,0,1,874,1,4.0,0,5,6,1,55.5
8,1,0,1,1081,2,7.8,5,4,3,2,72.0
33,1,0,0,857,0,4.8,6,3,1,2,74.2
9,0,0,0,647,2,6.3,1,4,8,1,61.5
0,1,0,1,1065,0,4.8,4,4,6,1,48.2
34,0,0,1,199,1,9.9,2,2,7,1,69.83
25,0,0,0,408,0,8.6,2,4,6,1,65.0
24,1,0,1,247,3,4.6,6,2,5,2,84.73
25,1,1,0,431,1,6.0,5,1,7,2,84.17
1,1,1,0,378,1,7.0,3,2,1,1,59.33
4,0,1,0,258,1,5.8,2,4,6,1,50.5
20,0,1,0,507,3,6.5,2,3,6,2,80.0
1,0,1,0,587,1,5.4,3,5,8,1,56.0
23,0,0,1,788,1,7.5,0,2,5,1,68.83
25,1,1,1,152,0,4.5,1,3,3,1,69.5
23,0,1,0,595,3,10.1,4,5,2,2,88.0
1,0,0,1,397,3,1.6,3,1,6,1,46.57
29,0,1,0,563,1,10.6,2,1,3,2,74.17
9,0,0,1,103,0,8.8,6,2,6,1,51.33
0,1,0,1,454,2,2.7,6,3,6,1,60.8
14,0,1,1,561,2,9.7,1,3,4,2,76.5
6,1,1,1,817,2,9.1,5,1,7,2,77.67
11,0,1,1,443,0,1.9,0,2,8,1,41.93
18,0,1,0,769,2,5.9,0,1,8,1,69.67
35,0,1,1,401,3,6.8,5,5,8,2,95.0
21,0,1,1,85,0,4.6,2,3,1,1,63.4
34,1,0,0,450,3,8.6,6,3,7,2,90.0
7,0,0,0,701,3,5.5,2,3,8,1,62.0
27,1,0,0,324,0,4.6,4,4,6,1,67.4
19,0,1,1,679,0,3.4,0,2,1,1,55.93
33,0,0,1,579,3,4.7,5,1,6,2,85.47
26,1,1,1,237,3,2.5,5,0,3,2,79.0
5,1,0,1,1004,3,9.5,6,2,2,1,67.33
33,1,0,0,855,2,8.4,2,1,1,2,81.67
34,0,1,1,696,2,11.3,1,5,7,2,87.5
12,0,0,1,781,3,0.1,3,4,7,1,54.9
22,0,1,0,89,1,4.9,4,1,8,1,69.77
13,1,0,1,189,0,9.5,2,2,6,1,55.33
33,0,1,1,145,2,0.9,2,2,3,1,65.93
18,0,1,1,821,0,1.6,0,2,6,1,47.73
4,1,0,0,244,3,4.9,0,0,6,1,47.6
2,1,1,1,1094,3,11.1,6,2,7,1,69.33
34,1,1,1,523,3,10.8,0,2,4,2,88.33
30,0,1,0,672,1,1.4,3,5,4,1,65.6
15,0,1,0,653,2,11.2,6,2,7,2,78.33
29,0,1,1,173,3,6.3,6,5,5,2,89.0
33,1,0,0,787,3,9.6,5,3,5,2,90.0
31,1,1,0,1073,1,5.9,2,0,2,2,71.5
7,0,1,1,501,0,10.5,2,1,2,1,53.67
28,0,1,1,596,0,6.5,4,0,4,2,75.0
12,1,0,0,955,0,6.7,5,0,4,1,51.0
3,0,1,0,782,3,2.6,0,0,3,1,43.4
11,1,1,1,555,0,10.3,6,2,6,1,69.33
5,0,0,0,946,3,11.4,3,1,2,1,53.17
32,1,0,0,223,3,11.5,1,4,2,2,76.5
21,1,0,1,949,1,4.6,2,0,1,1,65.9
16,0,0,0,396,1,4.2,1,5,2,1,57.8
27,0,1,1,377,1,5.0,4,2,1,2,85.83
18,0,0,0,370,2,10.0,3,0,6,2,70.5
35,1,0,1,648,0,8.7,5,0,7,2,75.0
11,0,0,1,149,2,6.5,0,2,7,1,58.33
26,0,1,0,266,3,11.1,4,2,6,2,82.33
2,0,1,0,742,1,7.5,6,2,3,1,57.83
33,0,1,0,962,0,3.7,4,2,7,1,62.13
31,1,0,1,897,3,6.8,2,1,1,2,86.67
14,0,1,0,234,2,1.9,0,3,2,1,50.6
28,0,0,0,832,0,8.6,2,1,8,1,61.67
7,0,0,1,564,3,8.4,0,4,6,1,62.0
26,0,1,0,250,3,11.4,4,3,2,2,84.0
21,0,0,1,1038,0,1.8,4,5,4,1,52.2
12,1,0,1,485,1,9.7,3,0,8,1,67.0
33,1,0,0,714,3,8.6,3,3,8,2,87.5
3,1,0,1,857,2,2.4,2,1,2,1,54.27
16,1,1,0,948,2,12.0,4,0,3,2,75.0
31,0,1,0,704,0,9.1,2,3,3,2,70.0
35,1,0,0,423,0,4.4,5,2,6,2,70.93
6,0,1,1,258,1,4.2,4,5,1,1,59.3
23,1,0,0,973,3,3.8,6,4,8,2,77.2
26,0,0,0,330,1,9.7,2,5,6,1,66.5
5,1,1,1,417,2,9.7,3,1,3,2,74.17
13,1,0,0,260,2,0.2,6,4,8,1,52.8
25,0,1,1,1043,0,9.3,4,2,3,2,72.33
6,0,1,1,768,3,10.5,6,0,4,2,71.0
25,1,1,1,364,2,11.6,4,2,2,2,98.33
16,0,0,1,770,3,7.4,5,3,8,2,81.0
6,0,0,1,1043,2,2.3,6,0,7,1,49.2
5,0,0,0,518,1,7.2,0,1,1,1,44.17
18,0,1,1,493,1,5.0,5,1,5,2,77.17
22,1,0,1,349,1,0.7,2,4,1,1,56.3
14,1,1,0,453,0,2.2,6,1,2,1,54.47
17,0,0,0,499,1,10.6,2,0,6,1,59.5
12,0,1,1,555,2,6.8,5,4,4,2,82.0
19,0,1,1,767,3,6.1,3,0,6,2,81.5
30,0,1,1,271,3,3.2,5,3,8,2,81.8
27,1,0,1,908,1,3.1,5,3,8,2,73.9
28,1,0,0,104,3,5.5,6,4,1,2,84.0
19,1,1,0,120,1,1.8,4,2,7,1,61.03
29,1,1,0,531,0,0.2,3,0,4,1,53.3
0,1,0,1,840,3,10.8,2,0,2,1,60.0
5,1,1,0,535,3,10.6,6,0,8,2,70.0
17,0,0,1,304,2,5.2,3,5,2,2,73.5
2,0,0,0,507,2,3.1,4,2,6,1,52.73
35,1,1,1,432,1,11.1,5,3,6,2,92.5
10,1,1,1,770,1,5.2,3,2,6,2,73.33
32,0,1,1,285,0,11.2,5,1,4,2,70.67
25,0,0,0,931,0,3.6,6,1,6,1,55.07
23,0,0,1,416,0,10.9,5,5,7,2,73.0
32,1,0,1,990,1,10.0,4,5,8,2,81.5
27,0,0,1,489,2,5.2,4,2,5,2,88.33
25,1,0,0,210,0,5.3,3,3,8,1,66.5
18,0,0,0,571,0,5.9,5,3,1,1,63.0
33,0,1,0,1088,3,1.1,2,5,2,1,63.4
27,1,0,0,932,0,8.1,2,2,8,1,62.33
10,0,0,1,727,3,1.3,0,4,2,1,50.2
22,1,1,1,691,1,10.9,0,3,1,2,79.5
0,0,1,1,864,3,1.6,4,3,7,1,56.4
21,0,0,0,250,0,6.3,5,5,2,1,60.0
32,0,1,0,960,3,2.0,0,5,4,1,62.0
26,1,0,1,189,1,8.8,2,2,4,2,74.83
9,1,0,1,326,1,5.3,1,5,2,1,58.0
8,0,0,0,676,0,1.7,2,4,7,0,34.8
3,1,0,1,658,0,5.4,6,5,2,1,58.0
29,1,1,0,223,2,11.8,3,4,3,2,86.5
31,0,1,1,1043,2,3.0,1,1,5,2,70.17
26,0,1,1,600,3,4.3,1,2,6,2,83.03
18,0,1,0,763,3,6.3,4,4,4,2,83.0
16,1,0,0,1028,3,4.9,2,2,3,1,67.93
34,1,0,1,352,1,1.9,4,3,8,2,75.1
8,1,1,0,393,0,7.8,2,1,6,1,54.67
26,1,1,1,277,1,3.8,3,2,1,2,77.53
29,1,1,0,801,0,0.8,1,4,1,1,55.7
28,1,1,0,497,3,4.1,3,2,4,2,87.23
29,0,1,1,839,3,11.4,1,3,8,2,87.5
35,0,0,0,340,2,3.4,4,0,1,1,67.6
15,0,1,1,923,1,8.9,1,3,2,1,64.0
11,0,1,1,170,2,8.7,2,5,3,2,70.0
9,1,0,1,322,1,1.7,4,4,3,1,52.3
32,1,0,0,829,1,7.4,3,0,4,2,75.0
20,1,0,0,1097,2,5.9,4,1,3,2,75.67
31,1,0,1,322,0,8.8,0,3,4,1,64.0
26,1,1,1,569,3,2.6,0,0,6,2,75.4
23,1,1,1,488,1,1.7,3,5,5,2,74.8
26,0,0,0,311,1,4.8,5,4,6,2,70.7
14,0,0,1,507,0,1.7,6,1,3,1,47.47
10,1,1,0,289,1,3.8,3,2,1,1,57.53
2,1,1,1,246,0,9.1,3,5,3,1,53.5
1,0,1,0,331,1,10.1,3,1,1,1,46.67
11,1,1,1,420,0,2.0,5,1,5,1,55.67
17,0,0,1,263,2,3.2,4,0,2,1,63.8
13,1,1,1,256,0,9.4,6,2,7,1,65.33
8,1,1,0,165,3,3.3,1,5,7,1,57.7
4,1,0,1,1057,0,3.7,4,0,1,1,42.8
7,1,1,0,814,3,7.1,5,2,6,2,75.33
26,0,0,1,927,2,6.6,3,1,8,2,78.17
7,1,1,1,787,0,6.8,4,4,7,1,67.0
14,0,1,0,779,1,6.8,1,2,4,1,62.33
26,0,1,0,332,3,7.2,6,1,1,2,80.67
22,1,1,1,1043,2,3.4,5,4,6,2,84.6
18,1,1,1,387,0,2.3,5,5,1,1,67.2
23,0,0,1,830,0,7.9,0,0,1,1,58.0
21,1,0,0,729,3,5.7,0,2,8,2,74.33
5,0,0,1,819,2,4.2,4,0,5,1,61.8
8,0,1,1,868,2,11.0,3,2,8,2,73.83
17,0,1,1,687,2,3.1,6,0,7,2,74.4
19,1,0,0,693,3,11.5,0,2,8,2,72.33
33,1,1,1,372,0,4.1,0,2,4,1,69.73
25,1,0,1,635,0,9.7,4,4,1,2,80.0
11,1,0,0,560,2,7.4,4,3,4,2,76.0
31,1,0,0,1034,3,4.4,4,1,7,2,78.27
5,0,0,1,541,1,11.9,2,2,1,1,55.83
24,0,0,1,415,3,11.4,4,3,6,2,89.0
20,1,1,0,473,0,8.6,2,2,4,1,68.33
33,0,0,0,254,2,3.4,2,0,6,1,62.6
34,1,1,1,91,3,9.8,4,5,6,2,94.0
6,0,0,0,171,0,3.4,0,4,7,0,28.6
5,0,0,1,377,0,5.2,6,2,2,1,53.33
35,1,0,1,459,1,4.4,5,3,2,2,85.1
16,1,0,1,391,3,3.8,5,1,8,2,77.87
20,0,0,0,415,0,6.3,4,4,3,1,65.0
10,0,0,1,432,3,4.8,0,1,1,1,60.87
13,0,0,1,374,0,5.0,4,2,8,1,61.33
27,0,1,0,721,2,5.5,4,4,2,2,90.0
30,1,1,1,952,1,12.0,2,2,8,2,79.83
14,1,1,0,740,3,11.1,1,3,3,2,76.5
16,1,0,0,1099,1,9.2,0,0,3,1,52.5
30,0,1,0,683,0,7.3,0,1,1,1,61.67
32,1,1,1,426,1,6.3,5,4,7,2,92.5
21,0,1,1,309,3,9.3,3,1,5,2,79.17
24,0,0,0,289,3,10.7,5,1,2,2,74.67
25,1,1,1,431,0,0.5,1,4,7,1,59.5
16,0,0,0,664,0,2.2,1,4,7,1,42.3
13,1,0,0,966,2,8.0,2,2,8,1,65.33
9,0,0,0,817,0,11.4,3,4,4,1,51.5
20,1,1,1,1072,3,6.1,4,3,2,2,89.0
17,1,1,0,301,2,9.3,0,0,5,1,66.0
32,1,0,1,586,1,4.4,2,1,6,2,76.77
19,0,0,0,517,0,11.2,6,4,4,1,64.0
13,1,0,0,313,3,8.8,0,4,4,1,62.0
25,1,1,0,620,2,2.7,0,5,7,2,75.8
19,1,0,1,788,2,9.7,0,1,8,2,75.67
6,0,1,1,327,3,5.2,5,5,6,2,70.0
19,1,0,0,864,2,7.4,3,5,8,2,81.5
28,1,0,1,843,0,11.6,5,4,7,2,80.0
25,0,0,1,472,2,10.8,6,2,7,2,88.33
1,1,0,0,621,3,11.2,0,2,2,1,54.33
20,1,0,0,214,3,4.3,0,4,2,1,66.2
21,0,1,0,184,1,10.0,3,5,4,2,70.0
30,0,1,1,747,3,7.0,3,1,5,2,89.17
11,1,0,0,700,3,8.2,2,3,7,2,71.0
25,1,1,1,979,3,2.7,5,1,8,2,81.47
30,0,0,1,193,1,6.6,4,2,5,2,74.83
5,1,1,1,708,0,5.4,4,2,3,1,63.33
26,1,1,1,632,2,8.0,5,3,8,2,100.0
27,1,1,0,92,3,4.8,4,1,2,2,84.87
33,1,1,1,879,1,2.7,5,4,7,2,83.3
23,1,1,1,331,1,0.8,2,0,5,1,57.7
25,1,1,0,214,2,11.9,3,2,6,2,84.83
7,1,0,0,903,1,4.7,2,0,2,1,47.3
6,1,0,1,841,1,1.7,0,3,2,1,45.3
29,1,0,1,389,2,3.3,1,2,5,2,79.03
24,0,0,1,417,1,7.7,0,0,7,1,66.5
9,0,0,1,431,2,10.9,0,1,2,1,60.67
7,1,1,0,1093,3,9.5,1,0,4,1,58.5
33,1,0,1,319,2,1.7,2,3,8,2,70.8
24,1,0,0,959,2,8.7,3,1,1,2,77.17
32,0,1,0,253,0,2.9,6,2,5,1,58.93
18,1,1,1,292,3,1.3,4,0,4,1,67.2
24,1,0,1,85,2,11.1,1,0,2,2,75.5
29,1,1,1,985,3,11.7,0,4,7,2,84.0
20,0,1,1,809,0,6.0,2,1,8,1,66.67
0,0,0,0,164,3,11.2,0,0,4,0,39.0
21,1,1,0,171,2,9.5,5,4,3,2,85.0
11,1,0,0,137,0,1.2,4,0,5,0,34.8
22,0,0,1,973,3,0.8,3,0,4,1,56.7
25,1,0,1,246,3,9.1,0,5,3,2,79.0
29,0,0,1,905,2,0.9,1,2,1,1,58.43
9,0,1,1,378,1,9.6,4,1,4,1,68.17
14,1,0,0,517,1,2.6,1,5,6,1,54.4
23,0,1,0,177,2,3.5,1,5,1,1,68.5
7,0,0,0,678,1,6.9,4,1,1,1,56.17
23,1,0,0,360,1,11.8,4,5,3,2,80.5
18,1,1,1,1005,3,1.6,5,3,2,2,73.4
21,1,1,1,931,2,6.5,6,5,4,2,90.0
31,0,0,1,581,1,4.7,1,1,1,2,70.47
15,1,0,1,339,0,12.0,4,1,6,1,60.67
10,1,1,1,148,2,10.4,3,3,3,2,76.5
32,0,0,1,556,2,1.3,2,4,4,2,70.2
5,0,1,1,684,1,7.2,3,0,2,1,60.0
9,0,1,1,261,2,3.3,0,1,3,1,52.87
13,0,1,0,676,0,4.0,6,2,2,1,57.33
5,0,1,1,267,3,6.3,5,5,6,1,69.0
5,0,0,1,1050,2,6.6,4,3,3,1,64.0
12,0,1,0,283,2,8.0,4,4,6,2,71.0
10,0,0,1,598,2,9.1,6,5,3,2,75.0
10,0,0,0,1008,2,7.4,5,0,2,1,59.0
2,0,0,1,122,1,11.5,1,2,5,1,44.33
8,0,0,0,533,3,3.0,0,3,6,1,50.0
12,1,1,0,503,0,6.7,0,3,8,1,57.0
2,0,1,1,92,1,10.3,5,1,1,1,55.17
11,0,1,0,948,2,5.8,4,4,6,2,70.0
15,0,1,0,387,1,8.0,2,0,1,1,62.5
35,0,1,1,1048,2,0.5,2,0,4,1,61.0
11,1,1,0,794,2,9.1,2,1,5,2,72.67
14,1,0,0,773,2,11.2,2,4,1,2,74.0
15,1,0,1,469,1,0.3,5,0,6,1,53.7
11,0,1,0,964,1,3.4,1,1,5,1,45.27
10,1,1,1,898,1,7.7,4,2,3,2,75.83
34,0,1,0,313,2,8.9,0,2,5,2,72.33
33,0,1,1,555,0,5.0,3,5,7,2,77.5
13,1,0,0,131,1,4.0,4,5,1,1,60.5
1,0,1,1,94,1,7.9,1,4,3,1,50.0
34,1,0,0,276,2,5.8,1,2,2,2,74.83
21,0,1,0,820,1,3.4,3,4,2,1,69.6
8,0,0,0,319,3,8.9,5,2,5,1,60.33
21,0,1,1,388,0,2.7,5,4,7,1,66.8
3,0,0,0,922,0,8.2,6,0,5,0,37.0
34,0,1,0,697,0,6.7,4,3,5,2,75.0
27,1,1,1,276,0,2.4,0,2,4,1,56.93
13,0,1,0,675,2,10.4,6,5,2,2,78.0
3,0,0,0,463,2,0.9,1,4,2,0,39.1
21,0,0,1,197,1,10.9,0,1,4,1,59.17
33,1,1,0,580,2,6.0,2,5,2,2,90.0
26,0,0,1,125,2,9.4,2,2,8,2,77.33
32,1,1,0,992,2,5.5,3,1,4,2,83.17
6,1,1,1,545,1,2.7,0,3,7,1,54.3
9,0,1,1,669,3,9.8,2,3,1,2,74.0
19,1,0,1,311,2,1.5,6,1,2,1,65.67
0,0,0,0,933,2,9.4,4,5,3,1,54.0
28,0,0,0,349,2,2.0,6,5,5,1,67.0
15,0,1,1,334,0,4.9,0,0,1,1,48.6
8,1,0,0,451,2,2.9,6,1,5,1,61.27
17,0,1,1,371,2,8.6,1,3,3,2,79.5
11,1,1,1,984,1,6.6,5,0,2,1,67.5
12,0,1,1,347,1,4.5,4,3,8,1,66.5
0,0,0,1,88,1,5.6,0,3,7,1,41.5
26,0,0,0,955,3,10.8,4,3,5,2,79.0
8,0,1,0,838,0,4.2,2,3,6,1,49.8
5,1,0,1,858,1,1.7,1,1,5,1,43.47
19,1,1,1,912,3,11.4,6,2,6,2,86.33
32,0,0,1,573,3,7.8,6,3,8,2,90.0
1,0,1,1,368,1,5.4,5,4,5,1,63.5
29,0,0,0,1003,0,5.9,6,2,7,1,62.33
22,1,1,1,153,3,1.0,1,0,1,1,62.5
24,0,1,0,920,1,11.1,4,2,1,2,73.83
21,1,0,0,231,2,2.4,3,5,6,1,67.1
15,0,0,0,1067,1,8.3,4,1,4,1,58.17
34,0,0,0,310,3,0.4,3,5,3,1,58.1
15,1,1,1,508,1,2.0,0,2,2,1,58.83
30,0,0,1,130,2,5.8,6,4,5,2,84.0
25,1,1,0,435,1,2.2,4,1,7,2,72.97
21,1,0,0,284,0,6.1,5,3,5,1,65.0
28,1,0,1,123,1,8.3,2,5,5,2,76.5
16,0,0,0,692,2,5.7,6,0,8,2,71.0
15,0,0,0,987,1,0.4,6,3,5,1,43.1
27,0,1,1,309,0,4.6,1,4,3,1,64.9
15,1,1,0,693,2,2.9,5,2,8,2,74.93
28,0,1,1,853,1,8.9,4,1,8,2,84.17
12,0,0,1,892,2,9.7,3,5,7,2,74.5
31,1,1,1,456,1,4.7,3,2,4,2,87.13
17,0,1,0,867,1,9.8,2,2,4,1,67.83
5,1,1,0,520,3,3.2,2,2,4,1,61.13
24,1,0,1,366,0,10.4,4,1,5,2,75.67
18,0,0,0,95,3,11.4,3,4,3,1,69.5
24,0,1,0,668,1,8.0,5,5,7,2,81.5
20,1,0,1,95,2,7.8,5,1,1,2,80.67
2,0,0,1,685,2,3.5,5,3,8,1,61.0
25,0,1,0,769,0,2.5,0,4,6,1,55.0
13,1,1,0,396,1,11.8,6,4,6,2,75.5
12,0,0,1,144,2,4.0,6,3,8,1,67.0
23,0,1,1,128,0,5.5,6,4,2,2,72.0
28,0,0,0,146,1,11.2,4,5,4,2,71.5
35,0,1,0,262,1,0.9,1,3,2,1,52.6
35,0,1,0,807,3,6.2,2,0,3,2,80.0
31,1,1,0,385,2,10.5,3,4,3,2,92.5
10,1,1,0,859,2,11.6,0,5,2,2,70.0
22,0,0,1,951,1,6.3,0,4,4,1,63.5
20,0,0,1,287,1,3.7,0,4,8,1,56.3
21,0,1,0,261,1,6.1,0,0,3,1,57.5
7,0,0,1,406,3,5.7,1,3,3,1,64.5
16,1,1,1,333,0,4.6,5,5,5,1,68.4
5,1,0,1,840,1,8.5,4,4,7,1,67.5
24,0,1,1,380,3,0.5,4,3,5,2,76.0
29,1,0,0,588,3,6.8,4,3,8,2,90.0
0,0,0,0,591,3,7.9,0,0,6,1,45.0
5,1,0,0,693,1,2.6,4,2,2,1,51.23
0,1,1,1,786,1,8.0,1,4,8,1,60.0
16,1,0,0,445,1,10.6,0,0,1,1,58.5
5,0,1,1,694,0,10.7,4,2,5,1,58.33
31,1,0,0,942,3,6.9,4,5,5,2,84.0
33,0,0,0,763,3,11.7,6,1,6,2,81.67
29,0,1,1,1000,2,9.5,3,2,6,2,84.83
31,0,1,1,600,0,3.0,5,5,1,2,72.0
23,1,1,0,101,0,5.1,1,4,3,1,64.5
16,1,0,1,593,1,4.8,2,0,2,1,67.7
12,0,1,1,1064,2,1.7,1,4,6,1,55.3
16,0,1,0,422,2,12.0,3,3,4,2,78.5
21,1,0,1,119,3,11.0,2,2,1,2,78.33
29,0,1,1,312,1,11.2,1,4,3,2,74.0
21,1,1,0,347,0,0.1,6,1,5,1,47.07
10,0,1,1,1005,1,1.8,0,3,7,1,43.7
11,0,1,0,635,1,1.6,5,4,4,1,54.9
12,1,1,0,1098,2,1.4,1,3,6,1,54.1
4,0,1,1,650,3,2.8,2,1,7,1,56.87
25,1,0,1,570,2,0.0,6,0,4,2,70.0
16,1,1,0,800,0,5.0,2,3,2,1,66.0
9,1,1,0,202,1,6.1,2,1,7,1,57.17
3,1,1,1,864,0,4.1,5,1,4,1,56.07
34,0,1,0,1095,3,2.7,6,1,8,2,71.47
21,1,0,1,410,2,11.9,4,0,1,2,86.0
19,0,0,1,213,2,3.8,5,3,2,2,73.2
16,1,0,0,120,0,5.8,0,4,4,1,50.0
5,0,1,0,465,3,11.4,6,2,8,1,68.33
17,1,0,0,501,1,2.3,4,1,2,1,60.37
19,1,0,0,725,1,1.0,0,1,3,1,47.17
12,1,1,0,1013,0,0.4,1,3,2,0,35.1
22,1,1,1,88,1,0.1,4,3,2,1,63.9
2,1,0,1,567,1,6.7,5,4,8,1,64.5
22,0,0,1,270,0,8.6,0,0,2,1,51.0
32,0,0,1,653,1,9.2,4,1,5,2,79.17
0,1,1,0,560,3,11.0,4,0,8,1,65.0
28,0,0,1,330,3,7.0,5,3,5,2,84.0
7,1,1,1,1017,0,2.7,3,5,1,1,49.3
21,1,0,1,1022,2,0.8,4,3,4,1,68.2
28,1,0,1,847,3,1.5,5,2,3,2,79.33
35,1,1,0,751,0,5.4,3,3,5,2,77.5
18,0,0,0,745,2,6.4,5,5,7,2,78.0
0,1,0,0,1028,1,7.8,2,0,3,1,41.5
32,1,1,0,544,3,8.3,4,4,2,2,95.0
4,1,1,0,317,1,10.8,3,4,3,1,58.0
18,1,1,0,455,2,8.9,3,1,6,2,82.17
12,0,0,1,177,2,10.4,4,1,5,1,67.67
28,1,1,0,877,1,6.5,6,1,4,2,84.17
21,0,0,1,406,2,8.0,5,0,1,2,81.0
19,0,1,0,324,1,3.9,5,1,8,1,62.77
3,0,0,1,728,0,2.0,1,4,3,0,33.5
20,1,1,0,155,3,1.1,6,5,6,1,68.4
29,0,0,1,1080,3,5.8,3,3,4,2,81.5
20,1,1,1,772,0,1.1,3,2,2,1,60.23
2,0,0,1,943,1,11.7,0,3,1,1,43.5
12,0,0,0,327,2,8.1,2,4,1,1,61.0
35,1,0,1,173,1,7.6,1,4,5,2,74.0
9,1,1,1,627,3,0.9,3,3,5,1,65.1
19,1,0,1,308,3,7.5,0,5,7,2,73.0
19,0,1,1,198,2,9.2,3,4,6,2,80.5
28,1,0,0,232,2,2.6,5,4,3,2,74.4
0,0,0,0,786,2,5.8,2,1,2,1,51.67
17,0,1,1,801,3,10.6,6,3,8,2,87.0
21,1,0,0,752,0,7.9,4,1,3,1,67.67
13,0,1,0,513,1,6.9,2,0,6,1,60.5
20,1,0,0,902,0,10.7,1,0,6,1,51.5
0,1,1,0,894,3,2.3,4,4,7,1,59.2
9,0,1,0,494,3,6.1,0,1,1,1,60.67
34,0,0,1,511,1,7.6,5,0,5,2,77.5
9,0,1,0,212,1,5.1,3,1,1,1,54.67
31,0,1,0,589,2,9.7,2,0,7,2,80.0
30,0,1,1,653,2,11.9,1,5,2,2,87.5
10,0,0,0,633,0,1.1,2,1,6,0,31.07
22,1,1,0,1040,1,5.8,1,3,5,2,71.0
9,1,1,1,504,1,1.8,6,2,2,1,62.03
14,1,0,1,816,1,4.5,1,2,8,1,65.33
24,0,1,0,809,2,7.1,0,4,5,2,79.0
19,1,0,0,648,3,6.6,3,2,8,2,79.83
17,1,0,0,417,2,5.2,0,5,4,2,72.0
7,0,1,0,294,1,6.4,4,2,8,1,56.83
22,1,1,0,162,3,7.8,1,0,2,2,73.5
11,1,0,1,918,2,5.6,1,3,8,1,67.5
17,0,1,1,490,0,4.8,3,4,5,1,68.7
8,0,1,1,521,0,9.0,4,2,3,1,61.33
17,0,1,1,446,3,9.2,4,2,3,2,85.33
34,0,1,0,922,0,7.1,1,0,5,1,56.5
17,1,1,0,98,0,0.9,1,4,2,1,42.1
23,0,1,0,332,3,10.5,5,5,2,2,82.0
33,0,1,1,862,2,6.7,4,0,2,2,90.0
14,0,1,0,850,3,4.2,4,2,3,2,74.13
18,0,0,0,800,1,3.0,0,1,2,1,49.17
3,0,0,0,226,0,7.5,4,0,1,0,37.0
0,1,0,0,128,3,0.6,1,1,2,0,30.57
2,1,0,0,212,1,8.6,4,2,8,1,51.83
9,0,0,1,678,3,4.8,0,2,6,1,61.53
15,0,1,1,469,1,0.8,3,3,8,1,58.2
8,0,0,0,223,1,6.8,2,4,5,1,49.5
6,0,0,0,271,3,6.0,1,4,5,1,52.5
15,0,0,1,89,0,6.9,4,3,4,1,59.0
13,0,1,1,667,3,4.5,6,0,4,2,76.0
31,0,0,0,588,1,7.7,3,1,3,2,71.67
19,1,0,1,731,2,6.6,3,4,4,2,86.5
27,0,1,0,678,1,5.0,5,0,5,2,77.5
11,0,1,1,748,3,0.7,1,0,7,1,51.3
21,1,1,1,558,1,5.6,3,5,5,2,86.0
11,0,0,1,819,2,10.5,2,4,7,2,71.0
31,1,0,0,494,1,0.4,6,3,8,1,64.1
16,1,1,0,393,0,1.6,4,3,6,1,57.4
3,0,0,1,744,0,5.7,3,2,4,1,48.83
14,1,0,0,595,0,3.2,3,2,8,1,52.63
8,0,1,1,715,1,9.1,2,3,4,1,65.5
35,1,0,1,472,2,2.9,5,0,5,2,81.6
17,0,0,1,105,2,5.5,4,4,1,2,76.0
29,1,0,1,286,3,3.6,0,1,8,2,70.07
6,0,1,1,251,1,2.4,1,4,6,1,44.6
28,0,0,1,241,0,6.5,2,1,4,1,60.67
7,1,0,0,876,1,1.2,2,0,4,0,39.3
19,0,1,0,695,2,0.8,0,5,3,1,57.2
20,1,0,1,797,0,3.1,5,1,2,1,64.07
27,1,0,1,791,1,5.3,4,3,1,2,87.5
0,0,1,1,800,3,11.0,5,0,3,1,65.0
0,1,0,0,852,3,3.5,2,2,6,1,52.33
10,1,1,0,279,0,5.3,2,4,3,1,54.0
18,0,0,1,787,2,4.5,6,3,8,2,81.0
28,1,1,0,627,3,0.6,1,1,7,1,66.57
5,1,1,1,158,0,11.1,1,4,3,1,51.5
14,0,1,0,318,1,4.7,1,4,7,1,56.8
2,1,1,1,752,0,7.5,1,2,8,1,52.83
19,1,0,1,1017,0,10.1,3,0,7,1,60.5
15,0,0,0,544,1,2.1,0,2,7,1,44.23
15,0,0,1,110,3,10.7,6,0,2,1,69.0
11,1,0,1,111,2,8.5,5,5,3,2,75.0
2,1,1,0,432,1,10.4,4,5,2,1,64.5
34,0,0,1,841,1,0.7,2,0,5,1,55.3
27,0,0,0,490,2,2.9,0,0,7,1,61.6
21,1,0,0,970,0,0.4,2,4,4,1,41.6
12,0,0,1,1050,3,8.2,5,1,5,1,67.67
26,1,1,1,839,0,7.2,2,4,6,2,80.0
12,0,1,1,774,1,7.7,6,3,3,2,74.5
12,1,0,0,99,3,5.3,6,4,6,2,71.0
22,0,1,0,1009,0,5.5,1,5,4,1,58.5
33,1,1,0,743,0,3.7,2,3,1,1,69.8
27,1,1,1,378,1,7.2,4,1,5,2,89.17
20,1,0,1,274,2,3.9,0,4,1,1,69.6
12,1,1,0,139,2,10.0,3,5,3,2,73.5
16,0,1,1,1002,0,7.6,3,2,4,1,60.83
22,0,1,1,462,3,8.7,0,1,4,2,78.67
12,1,0,1,310,1,11.8,3,4,5,1,66.0
19,1,1,1,808,0,5.7,4,2,5,2,77.33
9,0,0,0,684,0,8.2,0,4,6,1,44.0
26,0,0,0,1056,2,4.6,5,4,5,2,77.4
15,1,1,1,858,3,1.7,1,2,1,1,67.63
23,0,0,0,689,2,10.2,0,5,4,2,73.0
25,0,0,0,684,3,1.6,2,1,8,1,63.07
1,1,0,1,997,2,2.3,3,2,7,1,50.03
23,0,0,1,451,0,9.2,2,2,8,1,66.33
5,0,0,1,894,0,3.7,5,4,7,1,49.8
17,1,1,0,985,2,11.0,4,3,8,2,81.0
24,1,0,1,481,1,11.1,2,4,3,2,81.5
30,0,0,1,308,1,4.4,0,2,4,1,62.43
13,1,1,0,328,0,0.1,3,0,6,0,34.9
8,1,1,1,634,1,8.2,3,4,7,2,73.0
11,0,0,0,194,0,6.9,3,2,1,1,45.83
16,0,0,0,1061,3,3.4,2,5,3,1,58.6
8,1,1,1,907,2,1.7,4,2,7,1,62.13
2,0,1,1,953,3,1.3,4,1,1,1,47.87
14,0,1,1,240,2,8.6,0,0,3,1,63.0
17,0,0,0,743,2,2.7,6,2,8,1,66.13
3,0,1,0,445,2,8.2,1,4,8,1,60.5
34,0,0,0,887,3,5.1,2,4,5,2,80.0
31,1,0,1,386,3,10.9,2,4,3,2,90.0
18,0,0,0,406,0,11.2,5,0,5,1,58.0
29,1,1,0,127,1,8.6,2,2,3,2,74.83
25,0,1,0,946,1,9.3,3,1,2,2,70.67
35,1,1,1,163,0,10.1,0,0,3,1,64.0
31,1,1,0,687,2,0.4,3,3,5,2,74.1
25,0,0,0,315,0,0.5,0,5,5,0,36.0
23,0,0,1,735,1,11.3,4,4,1,2,80.5
20,0,1,0,475,2,0.9,6,0,5,1,63.6
14,1,1,0,840,2,4.9,0,4,5,2,73.6
17,1,1,0,830,2,3.1,0,3,5,1,69.4
25,1,1,1,419,0,11.9,2,0,1,2,75.0
33,0,0,0,373,3,1.0,2,0,4,1,59.0
34,1,0,1,695,3,2.5,3,5,5,2,82.5
25,1,1,0,600,2,1.0,2,3,6,2,74.0
11,0,1,1,514,3,1.4,4,5,5,1,66.6
16,0,0,0,1039,3,5.7,6,3,5,2,70.0
19,0,1,0,158,1,7.1,4,3,6,2,70.5
3,1,1,0,91,3,1.9,3,4,7,1,52.1
10,1,0,0,132,0,8.5,0,2,4,1,42.33
25,1,0,0,784,0,1.7,2,5,2,1,56.8
8,1,1,1,798,0,4.2,4,2,6,1,63.13
20,1,0,0,89,0,0.3,4,2,3,1,43.53
2,0,1,0,616,3,3.1,0,2,4,1,47.73
16,1,0,1,797,1,2.3,6,0,3,1,62.7
9,0,0,0,264,2,6.3,3,3,7,1,60.5
9,1,0,0,943,1,1.8,2,3,5,1,42.7
8,1,1,0,1019,0,11.3,4,5,8,1,57.0
7,0,0,0,165,3,5.1,4,4,5,1,61.0
5,1,0,0,556,2,4.9,3,3,4,1,67.1
26,0,1,0,539,1,5.1,0,4,8,2,72.5
6,0,1,0,229,2,3.7,4,0,4,1,54.8
2,0,0,1,958,0,11.4,4,0,1,1,41.0
24,1,0,1,113,2,4.4,3,2,5,2,81.43
7,1,1,0,106,2,3.3,5,4,8,1,64.2
26,1,0,0,152,1,0.4,0,1,6,1,44.77
9,0,0,1,1046,1,9.0,5,3,8,1,60.5
28,0,1,0,848,3,3.5,1,2,5,2,74.83
25,1,0,0,874,1,11.4,0,2,4,2,70.83
24,0,1,1,816,2,5.5,3,0,7,2,86.5
17,0,1,0,657,2,10.3,0,2,7,2,70.33
31,0,0,1,170,2,5.5,5,5,6,2,84.0
14,1,1,0,973,2,11.9,3,1,4,2,72.17
16,1,0,0,510,1,1.5,1,0,2,1,47.0
19,1,1,0,112,3,1.9,1,5,4,1,63.1
14,1,1,1,298,1,1.3,5,2,7,1,59.03
30,0,0,0,96,2,9.5,0,2,4,1,67.33
0,0,0,1,255,0,2.7,4,3,7,0,34.8
35,1,0,1,692,2,1.2,1,0,6,1,67.3
26,1,0,0,1085,2,5.5,3,2,4,2,79.83
22,0,1,0,543,0,5.2,6,5,7,2,72.0
5,0,0,1,295,0,1.0,3,2,2,0,28.83
10,0,1,0,408,1,2.8,0,5,4,1,48.7
21,0,1,0,127,0,0.2,2,3,8,1,40.8
31,0,0,1,229,2,9.0,1,3,6,2,76.5
27,1,1,1,546,1,11.9,3,5,3,2,90.0
24,0,0,0,623,0,1.2,1,4,3,1,46.3
14,1,0,0,538,3,7.7,2,5,3,2,74.0
8,1,0,0,363,3,10.6,3,3,7,2,70.5
15,0,1,0,371,3,2.6,4,1,6,1,67.07
13,1,0,1,361,2,0.6,3,2,5,1,61.23
5,0,1,1,538,2,11.6,0,1,3,1,61.67
31,0,0,1,974,1,5.0,1,1,2,1,65.67
31,0,1,1,87,2,7.2,0,0,6,2,74.0
17,1,0,0,336,2,2.6,1,0,1,1,53.9
30,0,0,1,375,2,0.3,3,5,5,1,68.7
23,1,1,1,705,0,4.0,5,5,8,2,79.0
24,1,0,0,152,3,3.6,3,1,3,2,71.57
15,0,1,0,386,2,1.2,6,2,1,1,63.13
19,0,1,1,228,2,8.0,1,5,5,2,75.5
30,0,1,0,685,1,11.7,0,1,4,1,69.17
2,0,1,1,540,0,6.6,5,1,8,1,53.67
16,0,1,0,468,3,10.6,3,2,6,2,76.83
35,0,1,1,874,3,9.8,3,0,6,2,87.5
1,1,1,1,1027,3,5.0,6,2,8,1,68.33
19,0,0,0,786,2,1.6,2,2,8,1,58.73
32,1,1,0,500,1,4.4,0,0,8,2,70.1
26,1,1,1,337,2,11.3,0,5,7,2,84.0
8,1,1,1,863,3,0.3,2,0,1,1,54.2
10,1,0,0,932,1,5.8,6,3,1,1,61.5
27,1,0,1,642,2,9.9,0,4,1,2,85.0
13,1,1,1,986,3,5.9,6,4,5,2,82.0
2,0,1,1,204,2,10.8,2,1,1,1,57.67
32,0,0,1,491,1,5.9,6,5,2,2,82.5
22,1,1,0,780,0,0.3,6,5,1,1,58.2
15,1,0,1,187,0,6.6,4,1,6,1,60.67
22,0,0,0,970,1,6.5,3,3,5,1,66.0
21,1,1,1,647,2,4.8,6,3,3,2,95.2
22,0,0,0,693,3,6.1,3,0,3,2,74.5
24,1,0,0,965,1,9.4,3,3,3,2,73.0
17,0,0,0,744,2,12.0,2,5,7,2,72.0
15,1,0,0,353,2,3.5,2,3,6,1,69.0
4,0,1,1,291,3,2.4,6,0,6,1,52.6
12,0,1,0,806,0,2.9,2,4,8,1,48.6
0,1,0,1,695,0,8.4,0,1,5,1,41.67
29,0,0,0,535,1,1.6,0,1,8,1,50.57
4,0,1,1,324,0,7.6,5,4,1,1,53.0
23,1,1,0,1043,3,4.9,3,1,2,2,80.77
24,0,0,0,213,3,3.5,0,3,1,1,62.0
9,0,1,0,976,0,0.5,0,0,4,0,20.0
24,0,1,1,523,2,1.6,6,3,4,2,80.4
14,1,1,0,442,1,4.1,2,0,5,1,62.9
17,0,0,0,1076,1,7.7,0,4,3,1,53.5
13,1,1,0,985,0,11.9,5,3,4,1,62.0
35,0,0,0,254,0,6.6,1,2,1,1,54.83
17,0,0,0,409,1,9.7,2,1,6,1,61.17
28,1,1,1,107,2,6.3,2,3,1,2,89.0
32,1,1,1,858,0,8.6,6,0,2,2,80.0
7,1,1,1,845,0,0.7,5,0,1,1,44.8
27,0,0,1,388,0,9.7,3,0,6,1,67.5
15,0,1,0,673,2,7.6,6,2,4,2,78.33
11,1,1,1,298,2,1.0,1,5,8,1,56.5
6,0,0,1,868,2,1.5,4,2,3,1,55.33
35,0,0,0,601,3,3.6,1,5,4,2,71.9
12,1,0,1,104,3,0.4,4,1,8,1,54.27
1,0,1,0,297,1,5.7,4,2,1,1,50.83
18,1,1,0,752,2,5.0,5,4,4,2,88.0
4,0,0,0,133,3,8.2,6,2,3,1,56.33
20,1,0,0,1027,3,5.7,6,5,5,2,79.0
7,1,0,1,1075,2,7.2,4,5,7,2,71.0
20,0,1,1,765,0,1.5,6,1,8,1,57.67
13,1,0,0,485,2,4.0,6,1,6,2,70.67
28,0,1,1,559,0,1.3,0,5,8,1,55.2
2,1,0,0,667,0,9.4,1,0,5,0,39.5
28,0,1,1,639,3,9.6,5,4,6,2,95.0
12,0,0,0,447,0,2.6,6,0,8,1,42.4
11,0,0,1,989,3,3.9,6,5,7,1,65.6
30,1,1,0,910,0,2.3,4,2,5,1,61.53
18,0,0,0,887,0,5.2,1,2,3,1,53.83
26,1,1,1,582,3,7.5,1,5,6,2,92.5
11,1,0,0,393,3,3.2,0,2,3,1,57.13
9,1,0,1,1066,2,8.8,0,2,2,1,61.33
1,0,0,1,773,2,0.9,0,4,3,0,39.6
14,0,1,0,574,1,1.8,6,5,4,1,58.7
26,0,0,0,237,1,2.3,1,5,6,1,53.2
22,1,0,1,418,3,9.0,6,3,4,2,92.0
9,1,0,1,485,0,9.0,1,1,4,1,53.17
26,0,1,0,933,0,4.7,5,4,6,1,67.8
18,0,0,0,1000,0,2.8,1,0,4,0,35.7
24,0,1,0,1064,0,4.7,6,5,1,1,66.8
16,1,0,0,833,2,1.4,1,3,4,1,59.1
24,0,1,0,1095,1,1.3,1,3,8,1,53.2
31,1,0,0,847,1,11.5,0,3,3,2,72.5
1,0,0,0,432,0,4.4,0,0,3,0,28.6
30,1,1,1,149,2,10.1,6,4,7,2,94.0
35,0,1,1,408,2,6.2,1,2,7,2,85.83
31,0,1,0,786,1,6.0,4,3,7,2,82.5
26,1,1,0,255,0,2.2,3,1,1,1,56.97
15,1,0,0,473,2,4.3,2,4,5,2,72.2
32,1,0,1,530,2,8.4,6,2,1,2,93.33
1,1,0,1,170,3,8.6,5,1,3,1,61.67
6,1,1,1,275,0,9.3,5,4,3,1,60.0
33,1,1,1,921,0,5.0,5,0,4,2,74.0
1,0,1,1,718,2,11.3,2,3,2,1,66.0
13,1,0,0,176,3,1.8,6,3,8,1,59.2
25,0,1,0,303,0,10.7,2,1,4,1,60.67
24,1,1,0,970,2,8.7,1,1,8,2,77.17
10,1,0,0,460,1,6.1,3,1,6,1,61.67
15,1,0,1,916,3,11.8,2,2,6,2,72.33
19,0,0,1,685,2,9.8,6,2,6,2,82.33
5,0,0,1,419,0,10.6,3,5,7,1,52.5
19,0,0,1,370,2,2.4,3,5,8,2,71.1
31,1,0,0,894,1,3.9,3,3,6,2,75.6
17,0,1,1,434,2,6.3,6,5,3,2,87.0
14,1,1,1,819,1,4.4,2,4,4,2,74.1
14,0,1,1,655,2,9.7,5,2,8,2,82.33
35,1,0,1,952,3,9.9,4,4,2,2,89.0
30,1,1,1,394,0,11.4,2,3,7,2,80.0
20,1,0,0,1089,0,1.3,4,2,4,1,47.53
6,1,0,0,347,2,4.2,2,5,8,1,56.8
5,1,0,1,236,1,6.7,2,1,7,1,53.17
7,1,0,1,731,2,4.3,2,5,5,1,69.2
32,1,1,1,914,1,7.7,2,5,1,2,81.5
11,0,0,1,788,1,2.0,6,1,6,1,53.17
34,1,1,0,966,3,5.3,5,3,7,2,89.0
34,0,1,1,681,3,0.6,5,1,8,2,74.07
31,1,0,1,1056,2,2.6,3,5,2,2,76.9
19,0,1,0,199,0,1.5,1,2,5,0,39.83
11,1,1,0,373,0,4.2,6,5,8,1,62.8
24,1,1,1,961,0,11.8,0,4,6,1,68.0
26,1,0,0,616,2,9.0,5,4,3,2,90.0
5,0,0,0,307,0,3.0,3,3,4,0,33.5
14,1,1,1,297,3,0.4,1,4,3,1,57.1
33,1,1,0,286,2,10.6,4,2,7,2,87.33
28,1,0,0,203,2,1.0,4,3,6,1,68.0
5,1,0,1,612,1,8.7,0,0,1,1,52.5
32,0,1,0,347,0,4.1,4,2,1,1,63.73
10,1,0,1,359,2,0.2,1,4,3,1,53.3
28,1,0,0,476,1,3.4,6,0,4,2,71.1
35,1,1,0,332,1,1.3,1,1,7,1,55.87
11,0,0,1,112,2,0.4,6,3,3,1,51.6
17,1,1,1,896,1,3.6,3,5,5,2,76.4
8,1,1,0,393,3,1.3,4,4,5,1,63.2
16,0,0,1,1080,1,4.0,4,4,3,1,63.5
21,1,0,0,722,3,2.9,6,1,2,2,74.27
35,0,0,0,891,3,5.8,1,4,3,2,77.5
31,1,1,0,264,3,2.7,5,2,4,2,78.13
8,0,1,1,428,2,2.2,1,3,2,1,59.3
35,0,0,0,767,2,4.3,1,4,4,2,74.7
5,0,1,0,244,3,5.3,2,3,5,1,59.0
19,0,1,0,738,3,8.5,3,3,2,2,81.5
18,1,1,0,136,0,5.0,0,5,3,1,57.0
21,0,1,1,303,2,9.6,3,3,7,2,82.5
34,1,1,1,692,1,6.6,2,0,1,2,82.5
20,0,1,1,1011,1,9.3,6,4,3,2,76.5
12,0,0,0,138,0,11.0,2,5,2,1,46.0
9,1,1,0,521,1,10.6,0,2,2,1,59.83
27,0,1,0,1028,2,6.1,4,1,7,2,80.67
34,1,1,1,495,1,10.5,5,4,4,2,92.5
29,1,0,0,144,0,2.9,1,2,1,1,51.43
32,0,0,1,674,0,5.7,1,5,8,1,67.5
21,0,1,1,117,1,3.7,3,0,6,1,64.8
6,1,0,0,943,2,4.7,2,5,8,1,58.8
22,1,1,1,608,1,0.5,4,1,3,1,68.17
33,1,1,1,611,2,3.7,0,1,7,2,81.47
3,0,1,0,361,3,3.5,5,1,8,1,58.67
17,0,1,0,835,3,2.3,1,5,1,1,63.7
1,1,0,0,1004,2,6.7,3,3,1,1,57.5
2,0,0,0,723,3,9.4,6,4,3,1,62.0
27,1,0,1,520,0,11.5,6,1,7,2,76.67
29,1,1,0,1002,3,0.5,3,5,7,1,68.5
16,1,1,1,85,3,7.9,1,4,7,2,77.5
14,1,0,0,402,1,6.4,4,5,8,2,71.5
13,0,0,0,256,0,9.0,6,4,4,1,52.0
12,0,1,1,630,0,7.7,1,2,5,1,57.83
11,1,0,1,1002,1,1.3,4,5,5,1,52.7
7,0,0,1,398,2,0.6,4,2,3,1,52.73
3,0,1,1,989,0,1.5,0,4,8,0,28.0
1,0,0,0,524,0,2.8,3,2,2,0,33.03
35,1,1,0,828,3,8.9,0,2,8,2,83.33
21,1,0,0,589,1,11.2,2,3,5,2,73.5
8,0,0,0,310,2,9.2,2,1,1,1,53.67
9,0,1,1,684,3,7.0,1,2,8,1,69.83
9,1,0,1,187,0,11.3,3,2,2,1,53.83
1,0,0,1,199,1,2.8,3,4,7,1,41.2
32,0,1,1,403,0,11.0,0,3,1,2,70.0
4,0,1,1,729,0,5.2,4,3,3,1,59.0
3,1,1,1,501,1,2.8,4,2,8,1,60.03
16,1,0,0,149,0,6.5,3,5,3,1,57.5
8,0,0,1,320,0,7.4,1,2,7,1,42.83
20,0,1,0,786,2,11.4,3,0,7,2,77.5
29,1,1,1,702,2,4.0,4,0,7,2,91.0
10,0,0,1,979,0,8.3,4,5,7,1,54.0
19,1,1,1,85,2,2.9,0,5,7,1,69.6
1,0,1,0,951,1,11.3,4,1,6,1,49.17
5,1,1,1,1042,1,6.1,2,4,5,1,61.5
6,1,1,0,624,3,5.0,6,3,5,2,76.0
19,1,1,1,193,2,9.5,5,4,5,2,88.0
32,1,1,0,85,1,7.1,6,2,4,2,79.83
9,0,0,1,639,2,2.8,5,5,1,1,65.2
15,0,0,1,115,3,11.5,1,1,2,1,63.17
34,1,1,1,792,1,1.7,4,4,4,2,79.3
24,0,0,0,657,3,5.9,2,0,4,2,74.0
